Tag,Source Packages,Item,Category,Item Strain,Quantity,Batch Number,Lab Testing,<abbr title='Administrative Hold'>A.H.</abbr>,<abbr title='Packaged Date'>Date</abbr>,<abbr title='Received'>Rcv'd</abbr>
1A4060300009859000000865,1A4060300009859000000831,TL Machine Trim Biodynamic Blue Dream,Leaf,Blue Dream,10580,,NotSubmitted,FALSE,12/2/2020,12/2/2020
1A4060300004719000000618,1A4060300003E84000001288,MG Live Sugar 1g Thin Mint Cookie Dawg,Extract (weight - each),,588,201201TMCDSU,NotSubmitted,FALSE,12/1/2020,
1A4060300004719000000619,1A4060300003E84000001289,MG Live Sauce 1g Thin Mint Cookie Dawg,Extract (weight - each),,606,201201TMCDSA,NotSubmitted,FALSE,12/1/2020,
1A4060300004719000000620,1A4060300003E84000001295,MG Live Sauce 1g Watermelon Cookies,Extract (weight - each),,889,201201WCSA,NotSubmitted,FALSE,12/1/2020,
1A4060300004719000000617,"1A4060300004719000000611, 1A4060300004719000000616",Bulk Oil CO2 2nd Pass,Extract (weight),,2295.5,201130-SCLR-RCLM,NotSubmitted,FALSE,11/30/2020,
1A4060300004719000000616,1A4060300004719000000614,Bulk Oil CO2 2nd Pass,Extract (weight),,38.7,190829-SCLR-RCLM,NotSubmitted,FALSE,11/25/2020,
1A406030000584D000005231,1A4060300004719000000609,MG Pre-roll 1g Sour OG,Pre-Roll Leaf,Sour OG,3000,,NotSubmitted,FALSE,11/24/2020,11/27/2020
1A4060300004719000000613,"1A4060300004719000000035, 1A4060300004719000000604",Bulk Oil CO2 Reclaim,Extract (weight),,3535,201006-RCLM,NotSubmitted,FALSE,11/18/2020,
1A4060300004719000000611,1A4060300004719000000610,Bulk Oil CO2 2nd Pass,Extract (weight),,49.5,200317-SCLR-RCLM,NotSubmitted,FALSE,11/17/2020,
1A4060300004719000000602,1A4060300004719000000601,Bulk Oil CO2 2nd Pass,Extract (weight),,1475.4,191217-SCLR,NotSubmitted,FALSE,11/3/2020,
1A4060300004719000000603,"1A4060300004719000000597, 1A4060300004719000000599",Bulk Oil CO2 2nd Pass,Extract (weight),,3294,201016-BLK-SCLR,NotSubmitted,FALSE,11/3/2020,
1A4060300003E84000001268,1A4060300003E84000001196,Cookie Dog X Thin Mint Live Resin Bulk Extract,Extract (weight),,354.35,SPK000250,NotSubmitted,FALSE,10/26/2020,11/30/2020
1A4060300003E84000001269,"1A4060300003E84000001197, 1A4060300003E84000001198",Sour Pinot X Cookie Dog Live Resin Bulk Extract,Extract (weight),,360,,NotSubmitted,FALSE,10/26/2020,11/30/2020
1A4060300004719000000591,1A4060300004719000000589,Bulk Oil CO2 Raw,Extract (weight),,1731.6,201006-RAW,NotSubmitted,FALSE,10/6/2020,
1A4060300004719000000586,1A4060300004719000000542,Bulk Cart Oil GG4,Extract (weight),,80.1,200930-GG4,NotSubmitted,FALSE,9/30/2020,
1A4060300004719000000584,1A406030000200A000003430,Bulk Bubble Hash GG10,Extract (weight),,14.4,200923-GG10-HASH,NotSubmitted,FALSE,9/29/2020,
1A4060300004719000000585,"1A406030000200A000003427, 1A4060300004719000000561",Kief GG10,Kief,GG10,711.6,200804-GG10,NotSubmitted,FALSE,9/29/2020,
1A4060300004719000000580,1A4060300004719000000565,Bulk Rosin GG10,Extract (weight),,0.37,200921-GG10-ROS,NotSubmitted,FALSE,9/23/2020,
1A4060300004719000000576,"1A4060300004719000000212, 1A4060300004719000000429",Bulk Oil CO2 1st Pass,Extract (weight),,2840.1,200922-BLK-FCLR,NotSubmitted,FALSE,9/22/2020,
1A4060300004719000000577,"1A4060300004719000000557, 1A4060300004719000000575",Bulk Oil CO2 2nd Pass,Extract (weight),,2596.3,200922-SCLR-BLK,NotSubmitted,FALSE,9/22/2020,
1A4060300004719000000578,"1A4060300004719000000574, 1A4060300004719000000576",Bulk Oil Ethanol Solution,Extract (weight),,9405.14,200922-EtSOL,NotSubmitted,FALSE,9/22/2020,
1A4060300004719000000570,1A406030000200A000003427,Bulk Bubble Hash GG10,Extract (weight),,12.71,200918-GG10-HASH,NotSubmitted,FALSE,9/18/2020,
1A4060300003E84000001199,1A4060300016379000000004,Wautomelon OG X Frosted Zin Live Resin Bulk Extract,Extract (weight),,393.2,SPK000004,NotSubmitted,FALSE,9/17/2020,11/30/2020
1A4060300004719000000564,"1A4060300004719000000549, 1A4060300004719000001005",Bulk Oil CO2 Reclaim,Extract (weight),,3670,190829-RCLM,NotSubmitted,FALSE,9/15/2020,
1A4060300004719000000565,1A406030000200A000003427,Bulk Bubble Hash GG10,Extract (weight),,8.32,200915-GG10-HASH,NotSubmitted,FALSE,9/15/2020,
1A406030000584D000004448,1A4060300004719000000545,Bulk Pre-roll 1g Blue Dream,Pre-Roll Leaf,Blue Dream,2994,200910BD,NotSubmitted,FALSE,9/11/2020,9/14/2020
1A4060300004719000000550,"1A4060300004719000000542, 1A4060300004719000001003",Bulk Oil CO2 2nd Pass,Extract (weight),,123.6,200904-FIREOG,NotSubmitted,FALSE,9/8/2020,
1A4060300004719000000551,"1A4060300004719000000542, 1A4060300004719000001003",Bulk Oil CO2 2nd Pass,Extract (weight),,153.4,200904-MKUSH,NotSubmitted,FALSE,9/8/2020,
1A4060300004719000000552,"1A4060300004719000000542, 1A4060300004719000001003",Bulk Oil CO2 2nd Pass,Extract (weight),,158.2,200904-TWRCK,NotSubmitted,FALSE,9/8/2020,
1A4060300004719000000546,1A4060300004719000000049,Bulk Oil R&D -Beginning Inventory,Extract (weight),,7849.91,190822RD,NotSubmitted,FALSE,8/31/2020,
1A4060300004719000000542,"1A4060300004719000000145, 1A4060300004719000000487",Bulk Oil CO2 2nd Pass,Extract (weight),,725.2,200828-BLK-SCLR,NotSubmitted,FALSE,8/28/2020,
1A4060300004719000000536,"1A4060300004719000000533, 1A4060300009859000000457",Bulk Bubble Hash Frosted Melon,Extract (weight),,41.2,200811-WHASH,NotSubmitted,FALSE,8/19/2020,
1A4060300004719000000532,1A4060300004719000000107,Bulk Cart Oil ACDC,Extract (weight),,2.9,,NotSubmitted,FALSE,8/12/2020,
1A4060300004719000000529,1A4060300004719000000389,Bulk Cart Oil Blue Dream,Extract (weight),,23.5,200811-BLDRM,NotSubmitted,FALSE,8/11/2020,
1A4060300009859000000457,"1A4060300009859000000452, 1A4060300009859000000456",Machine Trim Wautomelon OG x Frosted Zin,Leaf,Wautomelon OG x Frosted Zin,758.8,,NotSubmitted,FALSE,8/5/2020,8/11/2020
1A4060300004719000000523,1A4060300004719000000389,Bulk Oil CO2 Winterization,Extract (weight),,681.8,200319-FCLR-EtOH,NotSubmitted,FALSE,8/4/2020,
1A4060300004719000000525,"1A4060300004719000000517, 1A4060300004719000000523, 1A4060300004719000000524",Infused Pre-roll R&D,Pre-Roll Infused,,41,,NotSubmitted,FALSE,8/4/2020,
1A4060300004719000000519,1A4060300004719000000516,Bulk Oil CO2 Raw,Extract (weight),,422,RP00286-RAW,NotSubmitted,FALSE,7/30/2020,
1A4060300004719000000517,"1A4060300004719000000501, 1A406030000584D000003817",Kief Strainbow,Kief,Strainbow,63.5,200728-GG10,NotSubmitted,FALSE,7/28/2020,
1A4060300004719000000515,1A4060300004719000000321,Bulk Oil CO2 1st Pass,Extract (weight),,1315.3,200122-FCLR,NotSubmitted,FALSE,7/27/2020,
1A4060300004719000000510,1A4060300004719000000082,Bulk Oil CO2 Winterization,Extract (weight),,128,,NotSubmitted,FALSE,7/22/2020,
1A4060300004719000000508,1A4060300004719000000082,Bulk Oil EHO 2nd Pass,Extract (weight),,23.6,,NotSubmitted,FALSE,7/15/2020,
1A4060300004719000000503,1A4060300004719000001002,Bulk Oil CO2 2nd Pass,Extract (weight),,1498.7,191113-RCLM2,NotSubmitted,FALSE,7/13/2020,
1A4060300004719000000502,1A4060300004719000000113,Bulk Oil CO2 1st Pass,Extract (weight),,1.9,190816-FCLR,NotSubmitted,FALSE,7/10/2020,
1A4060300004719000001003,1A4060300004719000000054,Bulk Oil CO2 2nd Pass CBD,Extract (weight),,542.8,190409-SCBD,NotSubmitted,FALSE,7/6/2020,
1A4060300004719000000499,1A406030000584D000003817,Bulk Bubble Hash Strainbow,Extract (weight),,7.78,200630-GG10,NotSubmitted,FALSE,6/30/2020,
1A4060300009859000000427,"1A4060300009859000000264, 1A4060300009859000000291, 1A4060300009859000000340, 1A4060300009859000000349, 1A4060300009859000000374, 1A4060300009859000000378, 1A4060300009859000000389, 1A4060300009859000000398, 1A4060300009859000000402, 1A4060300009859000000403, 1A4060300009859000000413, 1A4060300009859000000419",Kief Strainbow,Kief,Strainbow,3075,191003STRBWK,NotSubmitted,FALSE,6/30/2020,7/16/2020
1A4060300004719000000496,1A4060300004719000000489,Bulk Oil CO2 1st Pass,Extract (weight),,604.3,200107-SCLR1,NotSubmitted,FALSE,6/26/2020,
1A4060300004719000000495,1A406030000584D000003817,Bulk Bubble Hash Strainbow,Extract (weight),,2.11,200625-GG10,NotSubmitted,FALSE,6/25/2020,
1A4060300004719000000492,1A4060300004719000000371,Bulk Oil CO2 1st Pass,Extract (weight),,1179.5,200110-FCLR,NotSubmitted,FALSE,6/23/2020,
1A4060300004719000000490,"1A4060300004719000000145, 1A4060300004719000000485",Bulk Cart Oil Watermelon OG,Extract (weight),,54.9,200622-UNOG,NotSubmitted,FALSE,6/22/2020,
1A4060300004719000000483,1A4060300004719000000480,Bulk Oil CO2 Raw,Extract (weight),,2111.3,200611-RAW,NotSubmitted,FALSE,6/17/2020,
1A4060300004719000000481,1A4060300004719000000479,Bulk Oil CO2 Raw,Extract (weight),,67.3,200317-RCLM,NotSubmitted,FALSE,6/15/2020,
1A4060300004719000000476,1A4060300004719000000470,Bulk Oil CO2 Raw,Extract (weight),,2757.3,200604-RAW,NotSubmitted,FALSE,6/10/2020,
1A4060300004719000000472,1A4060300004719000000468,Bulk Oil CO2 1st Pass,Extract (weight),,1107.88,200522-FCLR,NotSubmitted,FALSE,6/5/2020,
1A406030000584D000003641,"1A4060300009541000000743, 1A4060300009541000000744, 1A4060300009541000000745",4K Smalls,Flower,BG/4K,2885,,NotSubmitted,FALSE,6/4/2020,6/4/2020
1A406030000200A000003430,1A40603000079E5000000014,Shake Trim - GG10,Leaf,GG10,5099.17,,NotSubmitted,FALSE,5/21/2020,8/4/2020
1A406030000200A000003427,1A40603000079E5000000014,Shake Trim - GG10,Leaf,GG10,3763.35,,NotSubmitted,FALSE,5/20/2020,8/4/2020
1A4060300004719000000447,1A4060300004719000000363,Bulk Oil CO2 1st Pass,Extract (weight),,1048.5,200123-FCLR,NotSubmitted,FALSE,5/18/2020,
1A4060300004719000000441,1A4060300004719000000082,Bulk Oil EHO 2nd Pass,Extract (weight),,25.3,190903-SCLR,NotSubmitted,FALSE,5/15/2020,
1A4060300004719000000444,1A4060300004719000000413,Bulk Cart Oil Jack Herer,Extract (weight),,93.27,200515-JACK,NotSubmitted,FALSE,5/15/2020,
1A4060300004719000000445,1A4060300004719000000413,Bulk Cart Oil Trainwreck,Extract (weight),,89.1,200515-TRAIN,NotSubmitted,FALSE,5/15/2020,
1A4060300004719000000437,1A4060300004719000000350,Bulk Oil CO2 1st Pass,Extract (weight),,994.4,200129-FCLR,NotSubmitted,FALSE,5/14/2020,
1A4060300004719000000439,1A4060300004719000000438,Bulk Oil CO2 Raw,Extract (weight),,788,RP00566,NotSubmitted,FALSE,5/14/2020,
1A4060300004719000000435,1A4060300004719000000376,Bulk Oil CO2 1st Pass,Extract (weight),,897.4,200205-FCLR,NotSubmitted,FALSE,5/12/2020,
1A4060300004719000000421,1A4060300004719000000400,Bulk Oil CO2 1st Pass,Extract (weight),,271.3,RP00482-FCLR,NotSubmitted,FALSE,5/5/2020,
1A4060300007D02000000095,1A4060300007D02000000093,CBN Distillate,Other Concentrate (weight),,346.9,042020-CBN,NotSubmitted,FALSE,4/24/2020,4/24/2020
1A4060300004719000000413,"1A4060300004719000000027, 1A4060300004719000000185, 1A4060300004719000000253",Bulk Oil CO2 2nd Pass,Extract (weight),,315.95,200423-SCLR-BLK,NotSubmitted,FALSE,4/23/2020,
1A4060300004719000000389,"1A4060300004719000000152, 1A4060300004719000000180, 1A4060300004719000000256, 1A4060300004719000000282",Bulk Oil CO2 1st Pass,Extract (weight),,488.8,200319-FCLR,NotSubmitted,FALSE,3/19/2020,
1A4060300004719000000388,1A4060300004719000000370,Bulk Oil CO2 2nd Pass,Extract (weight),,463.6,190828-REMED,NotSubmitted,FALSE,3/18/2020,
1A4060300004719000000336,1A4060300004719000000334,Bulk Oil CO2 2nd Pass,Extract (weight),,918.6,191210-SCLR,NotSubmitted,FALSE,2/12/2020,
1A4060300004719000000317,1A4060300004719000000279,Bulk Oil CO2 2nd Pass,Extract (weight),,1031,190517-SCLR2,NotSubmitted,FALSE,1/28/2020,
1A4060300004719000000316,1A4060300004719000000308,Bulk Oil CO2 Raw,Extract (weight),,2260,200116-RAW,NotSubmitted,FALSE,1/27/2020,
1A4060300004719000000301,1A4060300004719000000288,Bulk Oil CO2 Raw,Extract (weight),,1971.2,200107-RAW,NotSubmitted,FALSE,1/17/2020,
1A4060300004719000000293,1A4060300004719000000281,Bulk Oil CO2 Raw,Extract (weight),,1460,200102-RAW,NotSubmitted,FALSE,1/14/2020,
1A4060300004719000000286,1A4060300004719000000257,Bulk Oil CO2 1st Pass,Extract (weight),,759.7,191113-FCLR,NotSubmitted,FALSE,1/8/2020,
1A4060300004719000000261,1A4060300004719000000252,Bulk Oil CO2 Raw,Extract (weight),,488.3,191210-RAW,NotSubmitted,FALSE,12/18/2019,
1A4060300004719000000250,1A4060300009859000000237,Bubble Hash Black Jack,Extract (weight),,684.3,,NotSubmitted,FALSE,12/12/2019,
1A4060300004719000000200,1A4060300004719000000198,Bulk Oil CO2 Raw,Extract (weight),,0,190829-RAW,NotSubmitted,FALSE,11/12/2019,
1A4060300004719000000163,1A4060300004719000000108,Bulk Capsule Oil 10mg CBD 20:1,Extract (weight),,3670.5,191021-CBD-CAP,NotSubmitted,FALSE,10/21/2019,
1A4060300004719000000132,1A4060300004719000000108,Bulk Capsule Oil 25mg CBD 20:1,Extract (weight),,3663.7,190925-CAP,NotSubmitted,FALSE,9/25/2019,
1A4060300004719000000120,1A4060300004719000000087,Bulk Oil Water Solubility R&D,Extract (weight),,2.4,,NotSubmitted,FALSE,9/23/2019,
1A4060300004719000000113,1A4060300004719000000104,Bulk Oil CO2 1st Pass,Extract (weight),,1169,190816-FCLR,NotSubmitted,FALSE,9/20/2019,
1A4060300004719000000114,1A4060300004719000000092,Bulk Oil CO2 1st Pass,Extract (weight),,697.9,190325-FCLR,NotSubmitted,FALSE,9/20/2019,
1A4060300004719000000111,"1A4060300004719000000040, 1A4060300004719000000082",Bulk Oil EHO Amber DV,Extract (weight),,169.5,190903-AMB,NotSubmitted,FALSE,9/19/2019,
1A4060300004719000000107,1A4060300004719000000099,Bulk Cart Oil ACDC,Extract (weight),,190.1,060719-ACDC,NotSubmitted,FALSE,9/18/2019,
1A4060300004719000000101,1A4060300004719000000032,Bulk Oil CO2 2nd Pass,Extract (weight),,945.5,1903252-FCLR,NotSubmitted,FALSE,9/13/2019,
1A406030000584D000000219,,Bulk Oil R&D -Beginning Inventory,Extract (weight),,2387.18,090919,NotSubmitted,FALSE,9/9/2019,5/28/2020
1A4060300004719000000098,1A4060300004719000000057,Bulk Capsule Oil 10mg CBD 1:1,Extract (weight),,3997.8,19090410-CAP,NotSubmitted,FALSE,9/4/2019,
1A4060300004719000000109,1A4060300004719000000057,Bulk Capsule Oil 25mg CBD 1:1,Extract (weight),,3651.6,19090425-CAP,NotSubmitted,FALSE,9/4/2019,
1A4060300004719000000082,"1A4060300004719000000041, 1A4060300004719000000042",Bulk Oil EHO 2nd Pass,Extract (weight),,727.8,190903-SCLR,NotSubmitted,FALSE,9/3/2019,
1A4060300004719000000077,1A4060300004719000000064,Bulk Oil CO2 1st Pass,Extract (weight),,802.76,190610-A-FCLR,NotSubmitted,FALSE,8/29/2019,
1A4060300004719000000051,,Bulk Oil EHO Amber CBD -Beginning Inventory,Extract (weight),,255.6,060719-PRF-B,NotSubmitted,FALSE,8/23/2019,
1A4060300004719000000052,,Bulk Oil CO2 2nd Pass -Beginning Inventory,Extract (weight),,257,190731-SCLR,NotSubmitted,FALSE,8/23/2019,
1A4060300004719000000053,,Bulk Oil CO2 2nd Pass -Beginning Inventory,Extract (weight),,878.5,190423-A-SCLR,NotSubmitted,FALSE,8/23/2019,
1A4060300004719000000054,,Bulk Oil CO2 1st Pass CBD -Beginning Inventory,Extract (weight),,43,190409-FCBD,NotSubmitted,FALSE,8/23/2019,
1A4060300004719000000055,,Bulk Oil CO2 1st Pass CBD -Beginning Inventory,Extract (weight),,1158.43,190401-FCLR,NotSubmitted,FALSE,8/23/2019,
1A4060300004719000000058,,Bulk Oil CO2 2nd Pass -Beginning Inventory,Extract (weight),,1019.1,201902072-SCLR,NotSubmitted,FALSE,8/23/2019,
1A4060300004719000000068,,Educational Samples Oil 5 Pack -Beginning Inventory,Extract (weight),,16.936,,NotSubmitted,FALSE,8/23/2019,
1A4060300004719000000010,,Bulk Kief for Extraction Strainbow -Beginning Inventory,Kief,Strainbow,2493.2,A10003,NotSubmitted,FALSE,8/22/2019,
1A4060300004719000000011,,Bulk Bubble Hash -Beginning Inventory,Extract (weight),,3380.37,A10009,NotSubmitted,FALSE,8/22/2019,
1A4060300004719000000026,,Bulk Oil CO2 1st Pass -Beginning Inventory,Extract (weight),,412,190508-FCLR,NotSubmitted,FALSE,8/22/2019,
1A4060300004719000000028,,Bulk Oil CO2 2nd Pass -Beginning Inventory,Extract (weight),,1100,190304-CLR,NotSubmitted,FALSE,8/22/2019,
1A4060300004719000000034,,Bulk Oil CO2 2nd Pass -Beginning Inventory,Extract (weight),,579,190411-BLK-CLR,NotSubmitted,FALSE,8/22/2019,
1A4060300004719000000035,,Bulk Oil EHO 2nd Pass -Beginning Inventory,Extract (weight),,7915.5,051019-PRF-A,NotSubmitted,FALSE,8/22/2019,
1A4060300004719000000038,,Bulk Oil EHO Amber -Beginning Inventory,Extract (weight),,189,022819-BLK-AMB,NotSubmitted,FALSE,8/22/2019,
1A4060300004719000000041,,Bulk Oil EHO 2nd Pass -Beginning Inventory,Extract (weight),,4239.5,bio-wwc-toll-051019,NotSubmitted,FALSE,8/22/2019,
1A4060300004719000000042,,Bulk Oil EHO 2nd Pass -Beginning Inventory,Extract (weight),,827,DIST-WWC-051019,NotSubmitted,FALSE,8/22/2019,
1A4060300004719000000044,,Bulk Oil CO2 2nd Pass -Beginning Inventory,Extract (weight),,867.7,R70,NotSubmitted,FALSE,8/22/2019,
1A4060300004719000000048,,Bulk Tincture -Beginning Inventory,Tincture (volume),,1632.5,190822TINC,NotSubmitted,FALSE,8/22/2019,
1A4060300004719000000050,1A4060300004719000000039,Bulk Oil EHO Amber -Beginning Inventory,Extract (weight),,286.8,,NotSubmitted,FALSE,8/22/2019,
1A4060300004719000000614,1A4060300004719000000200,Bulk Oil CO2 1st Pass,Extract (weight),,0,190829-FCLR,NotSubmitted,,,
1A4060300004719000000610,1A4060300004719000000481,Bulk Oil CO2 1st Pass,Extract (weight),,0,200317-FCLR-RCLM,NotSubmitted,,,
1A406030000584D000005035,1A406030000584D000002090,Shake Peach Purée,Shake,,0,,TestPassed,,,
1A4060300004719000000604,"1A4060300004719000000274, 1A4060300004719000000593, 1A4060300004719000000599, 1A4060300004719000000602",Bulk Oil CO2 Reclaim,Extract (weight),,0,201006-RCLM,NotSubmitted,,,
1A4060300003E84000001288,1A4060300003E84000001196,Cookie Dog X Thin Mint Live Resin 1G,Other Concentrate (weight - each),,0,SPK000250,NotSubmitted,,,
1A4060300003E84000001289,1A4060300003E84000001196,Cookie Dog X Thin Mint Live Resin 1G,Other Concentrate (weight - each),,0,SPK00250B,NotSubmitted,,,
1A4060300003E84000001295,1A4060300003E84000001175,Thin Mint X Wautomelon Live Resin 1G,Other Concentrate (weight - each),,0,SPK000002,NotSubmitted,,,
1A4060300004719000000601,1A4060300004719000000268,Bulk Oil CO2 1st Pass,Extract (weight),,0,191217-FCLR,NotSubmitted,,,
1A4060300004719000000599,1A4060300004719000000598,Bulk Oil CO2 2nd Pass,Extract (weight),,0,191220-SCLR,NotSubmitted,,,
1A4060300004719000000598,1A4060300004719000000274,Bulk Oil CO2 1st Pass,Extract (weight),,0,191220-FCLR,NotSubmitted,,,
1A4060300004719000000596,1A4060300004719000000594,Bulk Oil CO2 2nd Pass,Extract (weight),,0,2001008-SCLR,NotSubmitted,,,
1A4060300004719000000597,"1A4060300004719000000588, 1A4060300004719000000596",Bulk Oil CO2 2nd Pass,Extract (weight),,0,201016-BLK-SCLR,NotSubmitted,,,
1A4060300004719000000593,"1A4060300004719000000061, 1A4060300004719000000065",Bulk Oil CO2 Reclaim,Extract (weight),,0,201006-RCLM,NotSubmitted,,,
1A4060300004719000000594,"1A4060300004719000000061, 1A4060300004719000000065",Bulk Oil CO2 1st Pass,Extract (weight),,0,201008-FCLR,NotSubmitted,,,
1A4060300004719000000588,1A4060300004719000000582,Bulk Oil CO2 2nd Pass,Extract (weight),,0,200925-SCLR,NotSubmitted,,,
1A4060300004719000000589,"1A4060300004719000000581, 1A4060300004719000000582",Bulk Oil CO2 Reclaim,Extract (weight),,0,200828-RCLM,NotSubmitted,,,
1A4060300004719000000581,"1A4060300004719000000030, 1A4060300004719000000063, 1A4060300004719000000579",Bulk Oil CO2 Reclaim,Extract (weight),,0,200828-RCLM,NotSubmitted,,,
1A4060300004719000000582,"1A4060300004719000000030, 1A4060300004719000000063",Bulk Oil CO2 1st Pass,Extract (weight),,0,200925-FCLR,NotSubmitted,,,
1A4060300004719000000575,1A4060300004719000000568,Bulk Oil CO2 2nd Pass,Extract (weight),,0,200914-SCLR,NotSubmitted,,,
1A4060300004719000000579,"1A4060300004719000000557, 1A4060300004719000000572, 1A4060300004719000000575, 1A4060300004719000000576",Bulk Oil CO2 Reclaim,Extract (weight),,0,200828-RCLM,NotSubmitted,,,
1A4060300004719000000574,1A4060300004719000000513,Bulk Oil Ethanol Solution,Extract (weight),,0,051019-FCLR,NotSubmitted,,,
1A4060300004719000000568,"1A4060300004719000000020, 1A4060300004719000000021",Bulk Oil CO2 1st Pass,Extract (weight),,0,200914-FCLR,NotSubmitted,,,
1A4060300004719000000572,"1A4060300004719000000566, 1A4060300004719000000568",Bulk Oil CO2 Reclaim,Extract (weight),,0,200828-RCLM,NotSubmitted,,,
1A4060300003B65000002066,1A4060300003B65000000017,edible- Watermelon,Edible (weight),,0,Gummies for SPARC,NotSubmitted,,,
1A4060300003B65000002067,1A4060300003B65000000017,edibles- Mango,Edible (weight),,0,Gummies for SPARC,NotSubmitted,,,
1A4060300003B65000002068,1A4060300003B65000000017,Edibles-Sparc-Vegan-Strawberry Kiwi,Edible (weight),,0,Gummies for SPARC,NotSubmitted,,,
1A4060300004719000000566,"1A4060300004719000000020, 1A4060300004719000000021, 1A4060300004719000000558",Bulk Oil CO2 Reclaim,Extract (weight),,0,200828-RCLM,NotSubmitted,,,
1A4060300004719000000561,1A4060300004719000000548,Kief GG10,Kief,GG10,0,200804-GG10,NotSubmitted,,,
1A4060300004719000000557,1A4060300004719000000522,Bulk Oil CO2 2nd Pass,Extract (weight),,0,200214-SCLR,NotSubmitted,,,
1A4060300004719000000558,"1A4060300004719000000522, 1A4060300004719000000544",Bulk Oil CO2 Reclaim,Extract (weight),,0,200828-RCLM,NotSubmitted,,,
1A4060300004719000000548,"1A406030000200A000003430, 1A4060300004719000000541",Kief GG10,Kief,GG10,0,200804-GG10,NotSubmitted,,,
1A4060300004719000000549,1A406030000584D000004405,Bulk Oil CO2 Winterization,Extract (weight),,0,200908-CBD-WIN,NotSubmitted,,,
1A406030000584D000004405,"1A4060300004719000000353, 1A406030000559D000000389, 1A406030000584D000002965, 1A406030000584D000002982, 1A406030000584D000003043, 1A406030000584D000003277, 1A406030000584D000003801, 1A406030000584D000003916",MG Oil Applicator 1g CBD 20:1,Extract (weight - each),,0,,TestPassed,,,
1A4060300003B65000002175,1A4060300003B65000000015,edibles- Mango,Edible (weight),,0,edible R&D,NotSubmitted,,,
1A4060300003B65000002176,1A4060300003B65000000015,Edibles-Vegan- Strawberry kiwi,Edible (weight),,0,edible R&D,NotSubmitted,,,
1A4060300003B65000002177,1A4060300003B65000000015,edible- Watermelon,Edible (weight),,0,edible R&D,NotSubmitted,,,
1A4060300004719000000541,"1A406030000200A000003430, 1A4060300004719000000537",Kief GG10,Kief,GG10,0,200804-GG10,NotSubmitted,,,
1A4060300004719000000544,"1A4060300004719000000145, 1A4060300004719000000521",Bulk Oil CO2 Reclaim,Extract (weight),,0,200828-RCLM,NotSubmitted,,,
1A406030000584D000004336,1A4060300009859000000454,Shake Blueberry Haze,Shake,,0,,TestPassed,,,
1A4060300004719000000537,"1A406030000200A000003430, 1A4060300004719000000534",Kief GG10,Kief,GG10,0,200804-GG10,NotSubmitted,,,
1A4060300004719000000533,"1A4060300004719000000530, 1A4060300009859000000457",Bulk Bubble Hash Frosted Melon,Extract (weight),,0,200811-WHASH,NotSubmitted,,,
1A4060300004719000000534,"1A406030000200A000003430, 1A4060300004719000000527",Kief GG10,Kief,GG10,0,200804-GG10,NotSubmitted,,,
1A406030000584D000004223,1A4060300009859000000238,Shake Granola Funk,Shake,,0,,TestPassed,,,
1A4060300004719000000527,"1A406030000200A000003427, 1A406030000200A000003430, 1A406030000584D000004123",Kief GG10,Kief,GG10,0,200804-GG10,NotSubmitted,,,
1A4060300004719000000530,1A4060300009859000000457,Bulk Bubble Hash Strainbow,Extract (weight),,0,,NotSubmitted,,,
1A4060300003B65000001961,1A4060300003B65000000107,Edibles-Vegan- Strawberry kiwi,Edible (weight),,0,R&D Edible samples,NotSubmitted,,,
1A4060300003B65000001962,1A4060300003B65000000107,edibles- Mango,Edible (weight),,0,edible R&D,NotSubmitted,,,
1A4060300003B65000001963,1A4060300003B65000000107,edible- Watermelon,Edible (weight),,0,edible R&D,NotSubmitted,,,
1A4060300009859000000461,1A4060300009859000000452,Shake Wautomelon OG x Frosted Zin,Leaf,Wautomelon OG x Frosted Zin,0,,NotSubmitted,,,
1A406030000584D000004207,1A4060300009859000000385,Shake Fire OG,Shake,,0,,TestPassed,,,
1A4060300004719000000522,1A4060300004719000000357,Bulk Oil CO2 1st Pass,Extract (weight),,0,200214-FCLR,NotSubmitted,,,
1A4060300004719000000524,1A4060300004719000000518,Bulk Pre-roll 1g Early Bird,Pre-Roll Leaf,Early Bird,0,,NotSubmitted,,,
1A406030000584D000004173,1A4060300009859000000425,Shake Blueberry Haze,Shake,,0,,TestPassed,,,
1A406030000319F000000155,1A406030000319F000000114,1g Garanimals Crumble Jar,Extract (weight - each),,0,GA200519-A1,NotSubmitted,,,
1A406030000319F000000156,1A406030000319F000000110,1g Garanimals Sauce Jar,Extract (weight - each),,0,GA200716-SA,NotSubmitted,,,
1A406030000319F000000157,1A406030000319F000000119,1g Garanimals Shatter Jar,Extract (weight - each),,0,GA200514-A1,NotSubmitted,,,
1A4060300004719000000520,1A4060300004719000000389,Bulk Oil CO2 Winterization,Extract (weight),,1087,200319-FCLR-EtOH,NotSubmitted,,,
1A4060300004719000000521,"1A4060300004719000000357, 1A4060300004719000000514, 1A4060300004719000000515",Bulk Oil CO2 Reclaim,Extract (weight),,0,200617-RCLM,NotSubmitted,,,
1A4060300009859000000448,"1A4060300009859000000444, 1A4060300009859000000446, 1A4060300009859000000447",Shake Blue Dream,Leaf,Blue Dream,0,,NotSubmitted,,,
1A4060300009859000000449,1A4060300009859000000379,Shake Blue Dream,Leaf,Blue Dream,0,,NotSubmitted,,,
1A406030000584D000004123,1A406030000200A000003427,Shake Trim - GG10,Leaf,GG10,0,,NotSubmitted,,,
1A4060300004719000000516,1A4060300004719000000399,Bulk Oil CO2 Winterization,Extract (weight),,0,RP00286-WIN,Remediated,,,
1A4060300004719000000518,"1A406030000584D000003978, 1A406030000584D000004118",Ground Early Bird,Leaf,Early Bird,0,,NotSubmitted,,,
1A406030000584D000004118,1A4060300009859000000341,Ground Purple Punch,Leaf,Purple Punch,0,,TestPassed,,,
1A4060300004719000000512,1A4060300004719000000505,Bulk Oil EHO 1st Pass,Extract (weight),,0,051019-FCLR,NotSubmitted,,,
1A4060300004719000000513,"1A4060300004719000000509, 1A4060300004719000000512",Bulk Oil EHO 1st Pass,Extract (weight),,0,051019-FCLR,NotSubmitted,,,
1A4060300004719000000514,"1A4060300004719000000511, 1A4060300004719000000512",Bulk Oil CO2 Reclaim,Extract (weight),,0,200617-RCLM,NotSubmitted,,,
1A4060300004719000000511,"1A4060300004719000000321, 1A4060300004719000000505, 1A4060300004719000000507, 1A4060300004719000000509",Bulk Oil CO2 Reclaim,Extract (weight),,0,200617-RCLM,NotSubmitted,,,
1A4060300004719000000509,1A4060300004719000000505,Bulk Oil EHO 1st Pass,Extract (weight),,0,051019-FCLR,NotSubmitted,,,
1A4060300004719000000507,"1A4060300004719000000498, 1A4060300004719000000505",Bulk Oil CO2 Reclaim,Extract (weight),,0,200617-RCLM,NotSubmitted,,,
1A4060300004719000000505,1A4060300004719000001001,Bulk Oil CO2 Raw,Extract (weight),,0,051019-RAW,NotSubmitted,,,
1A406030000584D000003978,1A4060300009859000000412,Ground Fire OG,Leaf,Fire OG,0,,NotSubmitted,,,
1A4060300003B65000001902,1A4060300003B65000000106,Edibles-Sparc-Vegan-Mango,Edible (weight),,0,SPARC Project,NotSubmitted,,,
1A4060300003B65000001903,1A4060300003B65000000106,Edibles-Sparc-Vegan-Watermelon (P),Edible (weight),,0,SPARC Project,NotSubmitted,,,
1A4060300003B65000001904,1A4060300003B65000000106,Edibles-Sparc-Vegan-Strawberry Kiwi,Edible (weight),,0,SPARC Project,NotSubmitted,,,
1A4060300003B65000001905,1A4060300003B65000000106,Edibles-Sparc-Vegan-Watermelon (G),Edible (weight),,0,SPARC Project,NotSubmitted,,,
1A4060300004719000000501,1A406030000584D000003817,Kief Strainbow,Kief,Strainbow,0,200710-GG10,NotSubmitted,,,
1A4060300004719000001005,"1A4060300004719000000382, 1A4060300004719000001003",Bulk Oil CO2 Reclaim,Extract (weight),,0,190829-RCLM,NotSubmitted,,,
1A4060300004719000001001,1A4060300004719000000041,Bulk Oil CO2 Winterization,Extract (weight),,0,051019-WIN,NotSubmitted,,,
1A4060300004719000001002,1A4060300004719000000283,Bulk Oil CO2 1st Pass,Extract (weight),,0,191113-RCLM1,NotSubmitted,,,
1A4060300004719000000498,"1A4060300004719000000283, 1A4060300004719000000493, 1A4060300004719000000496",Bulk Oil CO2 Reclaim,Extract (weight),,0,200617-RCLM,NotSubmitted,,,
1A4060300004719000000493,"1A4060300004719000000489, 1A4060300004719000000491, 1A4060300004719000000492",Bulk Oil CO2 Reclaim,Extract (weight),,0,200617-RCLM,NotSubmitted,,,
1A406030000584D000003817,1A406030000200A000003427,Shake Trim - GG10,Leaf,GG10,0,,NotSubmitted,,,
1A4060300004719000000489,1A4060300004719000000465,Bulk Oil CO2 Raw,Extract (weight),,0,200107-SCLR-RAW,NotSubmitted,,,
1A4060300004719000000491,"1A4060300004719000000488, 1A4060300004719000000489",Bulk Oil CO2 Reclaim,Extract (weight),,0,200617-RCLM,NotSubmitted,,,
1A4060300004719000000488,"1A4060300004719000000371, 1A4060300004719000000484, 1A4060300004719000000486",Bulk Oil CO2 Reclaim,Extract (weight),,0,200617-RCLM,NotSubmitted,,,
1A4060300004719000000484,"1A4060300004719000000482, 1A4060300004719000000483",Bulk Oil CO2 Reclaim,Extract (weight),,0,200617-RCLM,NotSubmitted,,,
1A4060300004719000000485,1A4060300004719000000145,Bulk Oil CO2 2nd Pass,Extract (weight),,0,200618-SCLR,NotSubmitted,,,
1A4060300004719000000486,1A4060300004719000000482,Bulk Oil CO2 2nd Pass,Extract (weight),,0,191205-SCLR,NotSubmitted,,,
1A4060300004719000000487,"1A4060300004719000000306, 1A4060300004719000000486",Bulk Oil CO2 2nd Pass,Extract (weight),,0,200618-BLK-SCLR,NotSubmitted,,,
1A4060300004719000000482,1A4060300004719000000263,Bulk Oil CO2 1st Pass,Extract (weight),,0,191205-FCLR,NotSubmitted,,,
1A4060300004719000000478,1A406030000584D000003638,Bulk Oil CO2 Collection,Extract (weight),,0,200611-COLL,NotSubmitted,,,
1A4060300004719000000479,"1A4060300004719000000263, 1A4060300004719000000477",Bulk Oil CO2 Reclaim,Extract (weight),,0,200317-RCLM,NotSubmitted,,,
1A4060300004719000000480,1A4060300004719000000478,Bulk Oil CO2 Winterization,Extract (weight),,0,200611-WIN,NotSubmitted,,,
1A4060300004719000000477,"1A4060300004719000000473, 1A4060300004719000000476",Bulk Oil CO2 Reclaim,Extract (weight),,0,200317-RCLM,NotSubmitted,,,
1A4060300004719000000474,1A4060300004719000000053,Bulk Oil CO2 2nd Pass,Extract (weight),,0,,NotSubmitted,,,
1A4060300004719000000473,"1A4060300004719000000471, 1A4060300004719000000472",Bulk Oil CO2 Reclaim,Extract (weight),,0,200713-RCLM,NotSubmitted,,,
1A4060300004719000000469,1A406030000584D000002780,Bulk Oil CO2 Collection,Extract (weight),,0,200604-COLL,NotSubmitted,,,
1A4060300004719000000470,1A4060300004719000000469,Bulk Oil CO2 Winterization,Extract (weight),,0,200604-WIN,NotSubmitted,,,
1A4060300004719000000471,"1A4060300004719000000467, 1A4060300004719000000468",Bulk Oil CO2 Reclaim,Extract (weight),,0,200317-RCLM,NotSubmitted,,,
1A406030000584D000003638,1A406030000584D000002245,Trim Strainbow18,Leaf,Strainbow,0,,NotSubmitted,,,
1A406030000584D000003639,"1A4060300009541000000679, 1A4060300009541000000680, 1A4060300009541000000681",Betty White Smalls,Flower,Betty White,0,,NotSubmitted,,,
1A406030000584D000003640,"1A4060300009541000000682, 1A4060300009541000000683",Black Garlic Smalls,Flower,Black Garlic,0,,NotSubmitted,,,
1A406030000584D000003642,1A4060300008B79000002647,Shake Blue Dream,Shake,,0,,TestPassed,,,
1A4060300004719000000466,"1A4060300004719000000459, 1A4060300004719000000462",Bulk Oil CO2 Reclaim,Extract (weight),,0,200317-RCLM,NotSubmitted,,,
1A4060300004719000000467,"1A4060300004719000000464, 1A4060300004719000000466",Bulk Oil CO2 Reclaim,Extract (weight),,0,200317-RCLM,NotSubmitted,,,
1A4060300004719000000468,1A4060300004719000000464,Bulk Oil CO2 Amber DV,Extract (weight),,0,200522-AMBDV,NotSubmitted,,,
1A4060300004719000000464,1A4060300004719000000456,Bulk Oil CO2 Raw,Extract (weight),,0,200522-RAW,NotSubmitted,,,
1A4060300004719000000465,1A4060300004719000000462,Bulk Oil CO2 Winterization,Extract (weight),,0,200107-SCLR,NotSubmitted,,,
1A4060300004719000000462,1A4060300004719000000458,Bulk Oil CO2 2nd Pass,Extract (weight),,0,200107-SCLR,NotSubmitted,,,
1A4060300004719000000463,1A4060300004719000000462,Bulk Oil CO2 Reclaim,Extract (weight),,12335,200317-RCLM,NotSubmitted,,,
1A4060300004719000000459,"1A4060300004719000000454, 1A4060300004719000000458",Bulk Oil CO2 Reclaim,Extract (weight),,0,200317-RCLM,NotSubmitted,,,
1A4060300004719000000456,1A4060300004719000000455,Bulk Oil CO2 Winterization,Extract (weight),,0,200522-WIN,NotSubmitted,,,
1A4060300004719000000458,1A4060300004719000000452,Bulk Oil CO2 1st Pass,Extract (weight),,0,200107-FCLR,NotSubmitted,,,
1A4060300004719000000454,"1A4060300004719000000451, 1A4060300004719000000452",Bulk Oil CO2 Reclaim,Extract (weight),,0,200317-RCLM,NotSubmitted,,,
1A4060300004719000000455,1A406030000584D000002364,Bulk Oil CO2 Collection,Extract (weight),,0,200522-COLL,NotSubmitted,,,
1A4060300004719000000452,1A4060300004719000000332,Bulk Oil CO2 Amber DV,Extract (weight),,0,200107-AMBDV,NotSubmitted,,,
1A4060300004719000000451,"1A4060300004719000000332, 1A4060300004719000000448",Bulk Oil CO2 Reclaim,Extract (weight),,0,200317-RCLM,NotSubmitted,,,
1A4060300004719000000448,"1A4060300004719000000363, 1A4060300004719000000435, 1A4060300004719000000437, 1A4060300004719000000442, 1A4060300004719000000447",Bulk Oil CO2 Reclaim,Extract (weight),,0,200317-RCLM,NotSubmitted,,,
1A4060300004719000000440,1A4060300004719000000420,Bulk Oil CO2 Raw,Extract (weight),,0,RP00546,NotSubmitted,,,
1A4060300004719000000442,"1A4060300004719000000435, 1A4060300004719000000436",Bulk Oil CO2 Reclaim,Extract (weight),,0,200317-RCLM,NotSubmitted,,,
1A4060300004719000000446,"1A4060300004719000000363, 1A4060300004719000000437, 1A4060300004719000000442",Bulk Oil CO2 Reclaim,Extract (weight),,1225,200317-RCLM,NotSubmitted,,,
1A4060300004719000000438,1A4060300004719000000016,Bulk Oil CO2 Winterization,Extract (weight),,0,RP00566,Remediated,,,
1A4060300004719000000436,"1A4060300004719000000350, 1A4060300004719000000390, 1A4060300004719000000398, 1A4060300004719000000402, 1A4060300004719000000403, 1A4060300004719000000407, 1A4060300004719000000429, 1A4060300004719000000434",Bulk Oil CO2 Reclaim,Extract (weight),,0,200317-RCLM,NotSubmitted,,,
1A4060300004719000000434,"1A4060300004719000000376, 1A4060300004719000000424",Bulk Oil CO2 Reclaim,Extract (weight),,0,200317-RCLM,NotSubmitted,,,
1A4060300004719000000431,1A406030000584D000003403,Ground Granola Funk,Leaf,Granola Funk,0,,NotSubmitted,,,
1A4060300004719000000429,1A4060300004719000000380,Bulk Oil CO2 1st Pass,Extract (weight),,0,200218-FCLR,NotSubmitted,,,
1A406030000584D000003403,"1A406030000584D000002020, 1A406030000584D000003402",Shake Granola Funk,Leaf,Granola Funk,0,,NotSubmitted,,,
1A4060300004719000000423,1A4060300004719000000418,Bulk Cart Oil ACDC,Extract (weight),,0,200506-ACDC,NotSubmitted,,,
1A4060300004719000000424,"1A4060300004719000000380, 1A4060300004719000000414",Bulk Oil CO2 Reclaim,Extract (weight),,0,200317-RCLM,NotSubmitted,,,
1A4060300004719000000422,1A4060300004719000000016,Bulk Oil CO2 Winterization,Extract (weight),,42905,RP00566,NotSubmitted,,,
1A4060300004719000000418,1A4060300004719000000383,Bulk Oil CO2 1st Pass CBD,Extract (weight),,0,060719-ACDC,NotSubmitted,,,
1A4060300004719000000420,1A4060300004719000000415,Bulk Oil CO2 Winterization,Extract (weight),,0,RP00546-WIN,NotSubmitted,,,
1A406030000584D000003389,1A406030000584D000002970,Shake Purple Punch,Shake,,0,,TestPassed,,,
1A4060300004719000000415,1A4060300004719000000412,Bulk Oil CO2 2nd Pass,Extract (weight),,0,RP00546,NotSubmitted,,,
1A4060300004719000000412,1A4060300004719000000396,Bulk Oil CO2 1st Pass,Extract (weight),,0,RP00546,NotSubmitted,,,
1A4060300004719000000414,"1A4060300004719000000395, 1A4060300004719000000413",Bulk Oil CO2 Reclaim,Extract (weight),,0,200317-RCLM,NotSubmitted,,,
1A4060300004719000000411,"1A406030000584D000001945, 1A406030000584D000003112",Ground Sour Diesel,Leaf,Sour Diesel,0,200416SD,NotSubmitted,,,
1A406030000584D000003130,1A4060300009859000000406,Shake Blue Dream,Leaf,Blue Dream,0,,TestPassed,,,
1A406030000584D000003112,"1A4060300003122000000026, 1A4060300003122000000027, 1A4060300003122000000028, 1A4060300003122000000029, 1A4060300003122000000030, 1A4060300003122000000031, 1A4060300003122000000032",Shake Sour Diesel,Leaf,Sour Diesel,0,,NotSubmitted,,,
1A406030000584D000003128,1A4060300009859000000325,Shake Cherry Blossom,Leaf,Cherry Blossum Kush,0,,TestPassed,,,
1A4060300004719000000407,1A4060300004719000000212,Bulk Cart Oil Zkittlez,Extract (weight),,0,200401-ZKTL,NotSubmitted,,,
1A4060300004719000000400,1A4060300004719000000369,Bulk Oil CO2 Raw,Extract (weight),,0,RP00482-RAW,NotSubmitted,,,
1A4060300004719000000402,1A4060300004719000000389,Bulk Cart Oil Forbidden Fruit,Extract (weight),,0,200326-FRBDN,NotSubmitted,,,
1A4060300004719000000403,1A4060300004719000000389,Bulk Cart Oil Durban,Extract (weight),,0,200326-DRBN,NotSubmitted,,,
1A4060300004719000000398,1A4060300004719000000389,Bulk Cart Oil Super Lemon Haze,Extract (weight),,0,200325-SLH,NotSubmitted,,,
1A4060300004719000000399,1A4060300004719000000373,SP Cart 1/2g GSC,Extract (weight - each),,0,200305GSC,TestFailed,,,
1A4060300004719000000396,1A4060300004719000000386,Bulk Oil CO2 Raw,Extract (weight),,0,RP00546,NotSubmitted,,,
1A4060300004719000000390,1A4060300004719000000180,Bulk Cart Oil Strawnana,Extract (weight),,0,200319-STRW,NotSubmitted,,,
1A4060300004719000000395,"1A4060300004719000000152, 1A4060300004719000000256, 1A4060300004719000000282, 1A4060300004719000000387",Bulk Oil CO2 Reclaim,Extract (weight),,0,200317-RCLM,NotSubmitted,,,
1A4060300004719000000387,1A4060300004719000000380,Bulk Oil CO2 Reclaim,Extract (weight),,0,200317-RCLM,NotSubmitted,,,
1A406030000584D000002862,1A4060300009859000000233,Shake TripleChocChip,Leaf,Triple Chocolate Chip,0,,TestPassed,,,
1A4060300004719000000383,1A4060300004719000000368,Bulk Oil CO2 Raw,Extract (weight),,0,060719-ACDC,NotSubmitted,,,
1A4060300004719000000384,"1A4060300004719000000374, 1A4060300004719000000377",Bulk Oil CO2 Raw,Extract (weight),,0,200316-RAW,NotSubmitted,,,
1A4060300004719000000386,1A4060300004719000000384,Bulk Oil CO2 Winterization,Extract (weight),,0,200316-T-WIN,NotSubmitted,,,
1A4060300004719000000380,1A4060300004719000000366,Bulk Oil CO2 Amber,Extract (weight),,0,200218-AMB,NotSubmitted,,,
1A4060300004719000000382,"1A4060300004719000000356, 1A4060300004719000000362",Bulk Oil CO2 Reclaim,Extract (weight),,0,190829-RCLM,NotSubmitted,,,
1A4060300004719000000379,1A4060300004719000000362,Bulk Pain Balm,Topical (volume),,0,200311-BLM,NotSubmitted,,,
1A4060300004719000000378,"1A4060300004719000000366, 1A4060300004719000000375, 1A4060300004719000000376",Bulk Oil CO2 Reclaim,Extract (weight),,0,200211-RCLM,NotSubmitted,,,
1A4060300004719000000377,1A4060300004719000000013,Bulk Oil CO2 Winterization,Extract (weight),,0,M190815T,Remediated,,,
1A4060300004719000000376,1A4060300004719000000340,Bulk Oil CO2 Amber,Extract (weight),,0,200205-AMB,NotSubmitted,,,
1A406030000584D000002780,1A406030000584D000002245,Trim Strainbow18,Leaf,Strainbow,0,,NotSubmitted,,,
1A4060300004719000000373,1A4060300004719000000323,SP Cart 1/2g GSC,Extract (weight - each),,0,200305GSC,NotSubmitted,,,
1A4060300004719000000374,1A4060300004719000000012,Bulk Oil CO2 Winterization,Extract (weight),,0,M190820TM,Remediated,,,
1A4060300004719000000375,"1A4060300004719000000340, 1A4060300004719000000371, 1A4060300004719000000372",Bulk Oil CO2 Reclaim,Extract (weight),,0,200211-RCLM,NotSubmitted,,,
1A4060300004719000000371,1A4060300004719000000309,Bulk Oil CO2 Amber,Extract (weight),,0,200110-AMB,NotSubmitted,,,
1A4060300004719000000372,"1A4060300004719000000363, 1A4060300004719000000367, 1A4060300004719000000370",Bulk Oil CO2 Reclaim,Extract (weight),,0,200211-RCLM,NotSubmitted,,,
1A4060300004719000000369,1A406030000584D000000182,Bulk Oil CO2 Winterization,Extract (weight),,0,190807-WIN-TSCLR,NotSubmitted,,,
1A4060300004719000000370,1A4060300004719000000365,Bulk Oil CO2 Raw,Extract (weight),,0,190828-FRBDN,NotSubmitted,,,
1A4060300004719000000366,1A4060300004719000000355,Bulk Oil CO2 Raw,Extract (weight),,0,200218-RAW,NotSubmitted,,,
1A4060300004719000000367,"1A4060300004719000000361, 1A4060300004719000000366",Bulk Oil CO2 Reclaim,Extract (weight),,0,200211-RCLM,NotSubmitted,,,
1A4060300004719000000368,1A4060300004719000000176,Bulk Oil CO2 Winterization,Extract (weight),,0,060719-ACDC,Remediated,,,
1A4060300004719000000365,1A4060300004719000000183,Bulk Oil CO2 Winterization,Extract (weight),,0,190828-FRBDN,Remediated,,,
1A4060300004719000000362,"1A4060300004719000000054, 1A4060300004719000000082",Bulk Oil CO2 2nd Pass CBD,Extract (weight),,0,200226-CBD,NotSubmitted,,,
1A4060300004719000000363,1A4060300004719000000325,Bulk Oil CO2 Amber DV,Extract (weight),,0,200123-AMB,NotSubmitted,,,
1A4060300004719000000364,1A4060300004719000000183,Bulk Oil CO2 Winterization,Extract (weight),,6445,190828-FRBDN,NotSubmitted,,,
1A4060300004719000000357,1A4060300004719000000343,Bulk Oil CO2 Raw,Extract (weight),,0,200214-RAW,NotSubmitted,,,
1A4060300004719000000361,"1A4060300004719000000325, 1A4060300004719000000352, 1A4060300004719000000357",Bulk Oil CO2 Reclaim,Extract (weight),,0,200211-RCLM,NotSubmitted,,,
1A4060300004719000000352,"1A4060300004719000000348, 1A4060300004719000000350",Bulk Oil CO2 Reclaim,Extract (weight),,0,200211-RCLM,NotSubmitted,,,
1A4060300004719000000355,1A4060300004719000000345,Bulk Oil CO2 Winterization,Extract (weight),,0,,NotSubmitted,,,
1A4060300004719000000356,"1A4060300004719000000057, 1A4060300004719000000351",Bulk Oil CO2 Reclaim,Extract (weight),,0,190830-RCLM,NotSubmitted,,,
1A4060300004719000000350,1A4060300004719000000344,Bulk Oil CO2 Amber DV,Extract (weight),,0,200129-AMBDV,NotSubmitted,,,
1A4060300004719000000351,"1A4060300004719000000097, 1A4060300004719000000108",Bulk Oil CO2 Reclaim,Extract (weight),,0,190830-RCLM,NotSubmitted,,,
1A4060300004719000000348,"1A4060300004719000000341, 1A4060300004719000000344",Bulk Oil CO2 Reclaim,Extract (weight),,0,200211-RCLM,NotSubmitted,,,
1A406030000584D000002389,1A406030000584D000001940,Shake Fire OG,Leaf,Fire OG,0,,NotSubmitted,,,
1A4060300004719000000343,1A4060300004719000000342,Bulk Oil CO2 Winterization,Extract (weight),,0,200214-WIN,NotSubmitted,,,
1A4060300004719000000344,1A4060300004719000000330,Bulk Oil CO2 Amber DV,Extract (weight),,0,200129-AMBDV,NotSubmitted,,,
1A4060300004719000000345,1A406030000584D000002328,Bulk Oil CO2 Collection,Extract (weight),,0,200218-COLL,NotSubmitted,,,
1A406030000584D000002364,1A406030000584D000002245,Trim Strainbow18,Leaf,Strainbow,0,,NotSubmitted,,,
1A4060300004719000000342,1A406030000584D000002265,Bulk Oil CO2 Collection,Extract (weight),,0,200214-COLL,NotSubmitted,,,
1A4060300004719000000341,"1A4060300004719000000330, 1A4060300004719000000337, 1A4060300004719000000340",Bulk Oil CO2 Reclaim,Extract (weight),,0,200211-RCLM,NotSubmitted,,,
1A406030000584D000002328,1A406030000584D000002245,Trim Strainbow18,Leaf,Strainbow,0,,NotSubmitted,,,
1A4060300004719000000337,"1A4060300004719000000335, 1A4060300004719000000336",Bulk Oil CO2 Reclaim,Extract (weight),,0,200211-RCLM,NotSubmitted,,,
1A4060300004719000000340,1A4060300004719000000333,Bulk Oil CO2 Raw,Extract (weight),,0,200205-RAW,NotSubmitted,,,
1A406030000584D000002265,1A406030000584D000002245,Trim Strainbow18,Leaf,Strainbow,0,,NotSubmitted,,,
1A4060300004719000000335,1A4060300004719000000334,Bulk Oil CO2 Reclaim,Extract (weight),,0,200211-RCLM,NotSubmitted,,,
1A4060300004719000000333,1A4060300004719000000329,Bulk Oil CO2 Winterization,Extract (weight),,0,200205-WIN,NotSubmitted,,,
1A4060300004719000000334,1A4060300004719000000327,Bulk Oil CO2 1st Pass,Extract (weight),,0,191210-FCLR,NotSubmitted,,,
1A4060300004719000000332,1A4060300004719000000331,Bulk Oil CO2 Raw,Extract (weight),,0,200107-RAW,NotSubmitted,,,
1A4060300004719000000330,1A4060300004719000000324,Bulk Oil CO2 Raw,Extract (weight),,0,200129-RAW,NotSubmitted,,,
1A4060300004719000000331,"1A4060300004719000000328, 1A4060300004719000000330",Bulk Oil CO2 Reclaim,Extract (weight),,0,200107-RCLM,NotSubmitted,,,
1A406030000584D000002206,1A4060300009859000000267,Shake Glue Berry,Leaf,Glue Berry,0,,SubmittedForTesting,,,
1A406030000584D000002211,1A406030000584D000001679,Shake Sour Diesel,Leaf,Sour Diesel,0,,TestPassed,,,
1A4060300004719000000328,"1A4060300004719000000326, 1A4060300004719000000327",Bulk Oil CO2 Reclaim,Extract (weight),,0,200107-RCLM,NotSubmitted,,,
1A4060300004719000000329,1A406030000584D000002155,Bulk Oil CO2 Collection,Extract (weight),,0,200205-COLL,NotSubmitted,,,
1A4060300004719000000327,1A4060300004719000000261,Bulk Oil CO2 Amber,Extract (weight),,0,191210-AMB,NotSubmitted,,,
1A4060300004719000000324,1A4060300004719000000320,Bulk Oil CO2 Winterization,Extract (weight),,0,200129-WIN,NotSubmitted,,,
1A4060300004719000000325,1A4060300004719000000319,Bulk Oil CO2 Raw,Extract (weight),,0,200123-RAW,NotSubmitted,,,
1A4060300004719000000326,"1A4060300004719000000322, 1A4060300004719000000325",Bulk Oil CO2 Reclaim,Extract (weight),,0,200107-RCLM,NotSubmitted,,,
1A4060300004719000000323,1A4060300004719000000045,Bulk Cart Oil GSC,Extract (weight),,0,200131-GSC,NotSubmitted,,,
1A4060300004719000000318,"1A4060300004719000000075, 1A4060300004719000000134, 1A4060300004719000000286, 1A4060300004719000000310, 1A4060300004719000000316",Bulk Oil CO2 Reclaim,Extract (weight),,0,200107-RCLM,NotSubmitted,,,
1A4060300004719000000319,1A4060300004719000000311,Bulk Oil CO2 Winterization,Extract (weight),,0,200123-WIN,NotSubmitted,,,
1A4060300004719000000320,1A406030000584D000002089,Bulk Oil CO2 Collection,Extract (weight),,0,200129-COLL,NotSubmitted,,,
1A4060300004719000000321,1A4060300004719000000312,Bulk Oil CO2 Raw,Extract (weight),,0,200122-RAW,NotSubmitted,,,
1A4060300004719000000322,"1A4060300004719000000261, 1A4060300004719000000318, 1A4060300004719000000321",Bulk Oil CO2 Reclaim,Extract (weight),,0,200107-RCLM,NotSubmitted,,,
1A406030000584D000002155,1A406030000584D000000073,Bulk Trim Strainbow18,Leaf,Strainbow,0,,NotSubmitted,,,
1A4060300004719000000311,1A406030000584D000002054,Bulk Oil CO2 Collection,Extract (weight),,0,200123-COLL,NotSubmitted,,,
1A4060300004719000000312,1A4060300004719000000307,Bulk Oil CO2 Winterization,Extract (weight),,0,200122-WIN,NotSubmitted,,,
1A406030000584D000002089,1A406030000584D000000073,Bulk Trim Strainbow18,Leaf,Strainbow,0,,NotSubmitted,,,
1A4060300004719000000307,1A406030000584D000002022,Bulk Oil CO2 Collection,Extract (weight),,0,200122-COLL,NotSubmitted,,,
1A4060300004719000000308,1A4060300004719000000299,Bulk Oil CO2 Winterization,Extract (weight),,0,200116-WIN,NotSubmitted,,,
1A4060300004719000000309,1A4060300004719000000296,Bulk Oil CO2 Raw,Extract (weight),,0,200110-RAW,NotSubmitted,,,
1A4060300004719000000310,"1A4060300004719000000253, 1A4060300004719000000279, 1A4060300004719000000302, 1A4060300004719000000306, 1A4060300004719000000309",Bulk Oil CO2 Reclaim,Extract (weight),,0,200107-RCLM,NotSubmitted,,,
1A406030000584D000002054,1A406030000584D000000073,Bulk Trim Strainbow18,Leaf,Strainbow,0,,NotSubmitted,,,
1A4060300004719000000306,1A4060300004719000000298,Bulk Oil CO2 2nd Pass,Extract (weight),,0,191126-FCLR,NotSubmitted,,,
1A4060300004719000000302,"1A4060300004719000000294, 1A4060300004719000000301",Bulk Oil CO2 Reclaim,Extract (weight),,0,200107-RCLM,NotSubmitted,,,
1A4060300004719000000304,1A4060300004719000000172,Bulk MG Capsules 100mg THC,Capsule,,0,M200120COH,NotSubmitted,,,
1A4060300004719000000297,1A4060300004719000000287,MG Capsules 10pk 25mg THC,Capsule,,1021,M200116CTF10,NotSubmitted,,,
1A4060300004719000000298,1A4060300004719000000289,Bulk Oil CO2 1st Pass,Extract (weight),,0,191126-FCLR,NotSubmitted,,,
1A4060300004719000000299,1A406030000584D000001938,Bulk Oil CO2 Collection,Extract (weight),,0,200116-COLL,NotSubmitted,,,
1A406030000584D000002022,1A406030000584D000000073,Bulk Trim Strainbow18,Leaf,Strainbow,0,,NotSubmitted,,,
1A4060300004719000000295,1A406030000584D000001885,Bulk Oil CO2 Collection,Extract (weight),,0,200110-COLL,NotSubmitted,,,
1A4060300004719000000296,1A4060300004719000000295,Bulk Oil CO2 Winterization,Extract (weight),,0,200110-WIN,NotSubmitted,,,
1A4060300004719000000290,"1A4060300004719000000285, 1A4060300004719000000289",Bulk Oil CO2 Reclaim,Extract (weight),,0,200107-RCLM,NotSubmitted,,,
1A4060300004719000000291,1A4060300004719000000170,Bulk MG Capsules 50mg THC,Capsule,,0,M200113CFT10,NotSubmitted,,,
1A4060300004719000000294,"1A4060300004719000000290, 1A4060300004719000000293",Bulk Oil CO2 Reclaim,Extract (weight),,0,200107-RCLM,NotSubmitted,,,
1A406030000584D000001938,1A406030000584D000000073,Bulk Trim Strainbow18,Leaf,Strainbow,0,,NotSubmitted,,,
1A406030000584D000001940,,Shake Fire OG,Leaf,Fire OG,0,,NotSubmitted,,,
1A406030000584D000001941,,Shake Blue Dream,Leaf,Blue Dream,0,,NotSubmitted,,,
1A406030000584D000001943,,Shake Peach Purée,Shake,Peach Purée,0,,NotSubmitted,,,
1A406030000584D000001945,,Shake Sour Diesel,Leaf,Sour Diesel,0,,NotSubmitted,,,
1A4060300004719000000288,1A4060300004719000000284,Bulk Oil CO2 Winterization,Extract (weight),,0,200107-WIN,NotSubmitted,,,
1A4060300004719000000289,1A4060300004719000000237,Bulk Oil CO2 Amber,Extract (weight),,0,191126-AMB,NotSubmitted,,,
1A4060300002CED000003491,1A4060300001A2D000000203,Crude-BG-THC-010920,Extract (weight),,0,,NotSubmitted,,,
1A4060300004719000000287,1A4060300004719000000162,Bulk MG Capsules 25mg THC,Capsule,,0,M200109CTF10,NotSubmitted,,,
1A4060300004719000000284,1A406030000584D000001834,Bulk Oil CO2 Collection,Extract (weight),,0,200107-COLL,NotSubmitted,,,
1A4060300004719000000285,"1A4060300004719000000237, 1A4060300004719000000257, 1A4060300004719000000282, 1A4060300004719000000283",Bulk Oil CO2 Reclaim,Extract (weight),,0,200107-COLL,NotSubmitted,,,
1A406030000584D000001885,1A406030000584D000000073,Bulk Trim Strainbow18,Leaf,Strainbow,0,,NotSubmitted,,,
1A4060300004719000000282,1A4060300004719000000273,Bulk Oil CO2 1st Pass,Extract (weight),,0,190313-FCLR,NotSubmitted,,,
1A4060300004719000000283,1A4060300004719000000275,Bulk Oil CO2 Raw,Extract (weight),,0,191113-RAW,NotSubmitted,,,
1A4060300004719000000280,1A406030000584D000001673,Bulk Oil CO2 Collection,Extract (weight),,0,200102-COLL,NotSubmitted,,,
1A4060300004719000000281,1A4060300004719000000280,Bulk Oil CO2 Winterization,Extract (weight),,0,200102-WIN,NotSubmitted,,,
1A406030000584D000001834,1A406030000584D000000073,Bulk Trim Strainbow18,Leaf,Strainbow,0,,NotSubmitted,,,
1A4060300004719000000276,"1A4060300009541000000074, 1A4060300009541000000077, 1A4060300009541000000078",Sour Pineapple,Kief,Sour Pineapple,0,,NotSubmitted,,,
1A4060300004719000000277,1A4060300004719000000276,Ground Sour Pineapple,Leaf,Sour Pineapple,0,,NotSubmitted,,,
1A4060300004719000000279,1A4060300004719000000267,Bulk Oil CO2 1st Pass,Extract (weight),,0,190517-FCLR,NotSubmitted,,,
1A4060300004719000000273,1A4060300004719000000019,Bulk Oil CO2 Amber,Extract (weight),,0,1910313-AMB,NotSubmitted,,,
1A4060300004719000000274,1A4060300004719000000266,Bulk Oil CO2 Raw,Extract (weight),,0,191220-RAW,NotSubmitted,,,
1A4060300004719000000275,"1A4060300004719000000270, 1A4060300004719000000274",Bulk Oil CO2 Reclaim,Extract (weight),,0,191112-RCLM,NotSubmitted,,,
1A4060300004719000000272,1A4060300004719000000264,Bulk Ground OG Cookies,Leaf,OG Cookies,0,,NotSubmitted,,,
1A406030000584D000001716,"1A406030000584D000000074, 1A406030000584D000001551",Shake Terra Luna,Leaf,Terra Luna,0,,NotSubmitted,,,
1A4060300004719000000270,"1A4060300004719000000019, 1A4060300004719000000262, 1A4060300004719000000267",Bulk Oil CO2 Reclaim,Extract (weight),,0,191112-RCLM,NotSubmitted,,,
1A4060300004719000000267,1A4060300004719000000065,Bulk Oil CO2 Amber,Extract (weight),,0,190517-AMB,NotSubmitted,,,
1A4060300004719000000268,1A4060300004719000000260,Bulk Oil CO2 Raw,Extract (weight),,0,191217-RAW,NotSubmitted,,,
1A4060300004719000000264,"1A4060300009541000000075, 1A4060300009541000000076, 1A4060300009541000000079",OG Cookies,Leaf,OG Cookies,0,,NotSubmitted,,,
1A4060300004719000000265,1A406030000584D000001678,Bulk Oil CO2 Collection,Extract (weight),,0,191220-COLL,NotSubmitted,,,
1A4060300004719000000266,1A4060300004719000000265,Bulk Oil CO2 Winterization,Extract (weight),,0,191220-WIN,NotSubmitted,,,
1A406030000584D000001678,1A406030000584D000000073,Bulk Trim Strainbow18,Leaf,Strainbow,0,,NotSubmitted,,,
1A4060300004719000000262,"1A4060300004719000000255, 1A4060300004719000000257, 1A4060300004719000000260",Bulk Oil CO2 Reclaim,Extract (weight),,0,191112-RCLM,NotSubmitted,,,
1A4060300004719000000263,1A4060300004719000000249,Bulk Oil CO2 Amber,Extract (weight),,0,191205-AMB,NotSubmitted,,,
1A4060300004719000000260,1A4060300004719000000259,Bulk Oil CO2 Winterization,Extract (weight),,0,191217-WIN,NotSubmitted,,,
1A406030000584D000001673,1A406030000584D000000073,Bulk Trim Strainbow18,Leaf,Strainbow,0,,NotSubmitted,,,
1A4060300004719000000257,1A4060300004719000000219,Bulk Oil CO2 Amber,Extract (weight),,0,191113-AMB,NotSubmitted,,,
1A4060300004719000000259,"1A406030000584D000001602, 1A406030000584D000001631",Bulk Oil CO2 Collection,Extract (weight),,0,191217-COLL,NotSubmitted,,,
1A406030000584D000001631,1A406030000584D000000153,Bulk Shake For Extraction Strainbow,Leaf,Strainbow,0,,NotSubmitted,,,
1A4060300004719000000253,"1A4060300004719000000225, 1A4060300004719000000243",Bulk Oil CO2 2nd Pass,Extract (weight),,0,190509-SCLR,NotSubmitted,,,
1A4060300004719000000254,"1A4060300004719000000242, 1A4060300004719000000244, 1A4060300004719000000246, 1A4060300004719000000249",Bulk Oil CO2 Reclaim,Extract (weight),,0,191112-RCLM,NotSubmitted,,,
1A4060300004719000000255,"1A4060300004719000000219, 1A4060300004719000000254",Bulk Oil CO2 Reclaim,Extract (weight),,0,191112-RCLM,NotSubmitted,,,
1A4060300004719000000256,"1A4060300004719000000242, 1A4060300004719000000246",Bulk Oil CO2 1st Pass,Extract (weight),,0,191108-FCLR,NotSubmitted,,,
1A4060300004719000000247,1A406030000584D000001554,Bulk Oil CO2 Collection,Extract (weight),,0,191212-COLL,NotSubmitted,,,
1A4060300004719000000248,"1A4060300004719000000245, 1A4060300004719000000247",Bulk Oil CO2 Collection,Extract (weight),,0,191210-COLL,NotSubmitted,,,
1A4060300004719000000249,1A4060300004719000000241,Bulk Oil CO2 Raw,Extract (weight),,0,191205-RAW,NotSubmitted,,,
1A4060300004719000000252,1A4060300004719000000248,Bulk Oil CO2 Winterization,Extract (weight),,0,191210-WIN,NotSubmitted,,,
1A406030000584D000001602,1A406030000584D000000153,Bulk Shake For Extraction Strainbow,Leaf,Strainbow,0,,NotSubmitted,,,
1A4060300004719000000246,1A4060300004719000000221,Bulk Oil CO2 1st Pass,Extract (weight),,0,191108-FCLR,NotSubmitted,,,
1A4060300004719000000244,"1A4060300004719000000221, 1A4060300004719000000225, 1A4060300004719000000236, 1A4060300004719000000243",Bulk Oil CO2 Reclaim,Extract (weight),,0,191112-RCLM,NotSubmitted,,,
1A4060300004719000000245,"1A406030000584D000001496, 1A406030000584D000001550",Bulk Oil CO2 Collection,Extract (weight),,0,191210-COLL,NotSubmitted,,,
1A406030000584D000001550,1A406030000584D000000071,Bulk Trim StrainbowTL,Leaf,Strainbow,0,,NotSubmitted,,,
1A406030000584D000001554,1A406030000584D000000071,Bulk Trim StrainbowTL,Leaf,Strainbow,0,,NotSubmitted,,,
1A4060300004719000000242,"1A4060300004719000000224, 1A4060300004719000000229",Bulk Oil CO2 1st Pass,Extract (weight),,0,191108-FCLR,NotSubmitted,,,
1A4060300004719000000243,1A4060300004719000000232,Bulk Oil CO2 1st Pass,Extract (weight),,0,1905092-FCLR,NotSubmitted,,,
1A406030000584D000001517,1A406030000584D000001347,FD 3.5 Emerald OG T2,Flower,Emerald OG,0,,NotSubmitted,,,
1A406030000584D000001518,1A406030000584D000001359,MG 3.5g Bio Black Raspberry T2,Flower,Black Raspberry,0,,NotSubmitted,,,
1A406030000584D000001519,1A406030000584D000001416,FD 3.5g Black Raspberry T1,Flower,Black Raspberry,0,,NotSubmitted,,,
1A406030000584D000001520,1A406030000584D000001356,MG 3.5g Bio Plush Berry T2,Flower,Plush Berry,0,,NotSubmitted,,,
1A406030000584D000001521,1A406030000584D000001414,MG 3.5g Cookie Dawg T2,Flower,Cookie Dawg,0,,NotSubmitted,,,
1A406030000584D000001522,1A406030000584D000001365,MG 3.5g Bio Cherry Punch T1,Flower,Cherry Punch,0,,NotSubmitted,,,
1A4060300004719000000241,1A4060300004719000000235,Bulk Oil CO2 Winterization,Extract (weight),,0,191205-WIN,NotSubmitted,,,
1A4060300004719000000235,1A4060300009859000000218,Bulk Oil CO2 Collection,Extract (weight),,0,191205-COLL,NotSubmitted,,,
1A4060300004719000000236,"1A4060300004719000000228, 1A4060300004719000000234",Bulk Oil CO2 Reclaim,Extract (weight),,0,191112-RCLM,NotSubmitted,,,
1A4060300004719000000237,1A4060300004719000000228,Bulk Oil CO2 Raw,Extract (weight),,0,191126-RAW,NotSubmitted,,,
1A406030000584D000001496,1A406030000584D000000071,Bulk Trim StrainbowTL,Leaf,Strainbow,0,,NotSubmitted,,,
1A4060300004719000000234,"1A4060300004719000000229, 1A4060300004719000000232, 1A4060300004719000000233",Bulk Oil CO2 Reclaim,Extract (weight),,0,191112-RCLM,NotSubmitted,,,
1A4060300004719000000229,"1A4060300004719000000199, 1A4060300004719000000224",Bulk Oil CO2 Amber,Extract (weight),,0,1911082-AMB,NotSubmitted,,,
1A4060300004719000000230,"1A4060300004719000000221, 1A4060300004719000000227",Bulk Oil CO2 Reclaim,Extract (weight),,0,191112-RCLM,NotSubmitted,,,
1A4060300004719000000232,1A4060300004719000000024,Bulk Oil CO2 Amber,Extract (weight),,0,1905092-AMB,NotSubmitted,,,
1A4060300004719000000233,"1A4060300004719000000224, 1A4060300004719000000229, 1A4060300004719000000230",Bulk Oil CO2 Reclaim,Extract (weight),,0,191112-RCLM,NotSubmitted,,,
1A406030000584D000001469,"1A406030000584D000000113, 1A406030000584D000000123, 1A406030000584D000000131, 1A406030000584D000000805, 1A406030000584D000001256",Shake Orange Tart,Leaf,Orange Tart,0,,NotSubmitted,,,
1A406030000584D000001470,"1A406030000584D000000109, 1A406030000584D000000114, 1A406030000584D000000745",Shake Blue Haze,Leaf,Blue Haze,0,,NotSubmitted,,,
1A4060300004719000000228,1A4060300004719000000226,Bulk Oil CO2 Winterization,Extract (weight),,0,191126-COLL,NotSubmitted,,,
1A4060300009859000000237,1A4060300009859000000141,Machine Trim Black Jack,Leaf,Black Jack,0,191016BLJ,NotSubmitted,,,
1A4060300004719000000227,"1A4060300004719000000024, 1A4060300004719000000199, 1A4060300004719000000220",Bulk Oil CO2 Reclaim,Extract (weight),,0,191112-RCLM,NotSubmitted,,,
1A4060300004719000000224,1A4060300004719000000222,Bulk Oil CO2 Amber DV,Extract (weight),,0,1911081-AMB,NotSubmitted,,,
1A4060300004719000000225,1A4060300004719000000218,Bulk Oil CO2 1st Pass,Extract (weight),,0,190509-FCLR,NotSubmitted,,,
1A4060300004719000000226,1A406030000584D000001260,Bulk Oil CO2 Collection,Extract (weight),,0,191126-COLL,NotSubmitted,,,
1A4060300009541000000074,,PIneapple Trainwreck Smalls,Leaf,PIneapple Trainwreck,0,,NotSubmitted,,,
1A4060300009541000000075,,GSC SMALLS,Leaf,GSC,0,,NotSubmitted,,,
1A4060300009541000000076,,CAT GC SMALLS,Leaf,CAT GC,0,,NotSubmitted,,,
1A4060300009541000000077,,HSD SMALLS,Leaf,HSD,0,,NotSubmitted,,,
1A4060300009541000000078,,AF SMALLS,Leaf,AF,0,,NotSubmitted,,,
1A4060300009541000000079,,AF SMALLS,Leaf,AF,0,,NotSubmitted,,,
1A4060300009859000000218,1A4060300009859000000126,Machine Trim Blue Dream,Leaf,Blue Dream,0,191022BD,NotSubmitted,,,
1A4060300004719000000221,1A4060300004719000000216,Bulk Oil CO2 Amber,Extract (weight),,0,191108-AMB,NotSubmitted,,,
1A4060300004719000000222,"1A4060300004719000000199, 1A4060300004719000000221",Bulk Oil CO2 Amber,Extract (weight),,0,191108-AMB,NotSubmitted,,,
1A4060300004719000000219,1A4060300004719000000210,Bulk Oil CO2 Raw,Extract (weight),,0,191113-RAW,NotSubmitted,,,
1A4060300004719000000220,"1A4060300004719000000217, 1A4060300004719000000218, 1A4060300004719000000219",Bulk Oil CO2 Reclaim,Extract (weight),,0,191112-RCLM,NotSubmitted,,,
1A406030000584D000001260,1A406030000584D000000071,Bulk Trim StrainbowTL,Leaf,Strainbow,0,,NotSubmitted,,,
1A4060300004719000000218,1A4060300004719000000215,Bulk Oil CO2 Amber DV,Extract (weight),,0,190509-AMB,NotSubmitted,,,
1A4060300004719000000214,1A4060300004719000000199,Bulk Oil CO2 Raw,Extract (weight),,0,191108-RAW,NotSubmitted,,,
1A4060300004719000000215,1A4060300004719000000024,Bulk Oil CO2 Raw,Extract (weight),,0,190509-RCLM,NotSubmitted,,,
1A4060300004719000000216,"1A4060300004719000000199, 1A4060300004719000000214",Bulk Oil CO2 Raw,Extract (weight),,0,191108-RAW,NotSubmitted,,,
1A4060300004719000000217,"1A4060300004719000000024, 1A4060300004719000000199, 1A4060300004719000000213",Bulk Oil CO2 Reclaim,Extract (weight),,0,191112-RCLM,NotSubmitted,,,
1A4060300004719000000211,1A4060300004719000000197,Bulk Oil CO2 1st Pass,Extract (weight),,0,191010-FCLR,NotSubmitted,,,
1A4060300004719000000212,"1A4060300004719000000203, 1A4060300004719000000211",Bulk Oil CO2 1st Pass,Extract (weight),,0,191015-BLK-FCLR,NotSubmitted,,,
1A4060300004719000000213,"1A4060300004719000000202, 1A4060300004719000000205, 1A4060300004719000000211",Bulk Oil CO2 Reclaim,Extract (weight),,0,191112-RCLM,NotSubmitted,,,
1A4060300004719000000205,"1A4060300004719000000154, 1A4060300004719000000201",Bulk Oil CO2 Reclaim,Extract (weight),,0,191112-RCLM,NotSubmitted,,,
1A4060300004719000000206,1A406030000584D000000744,Bulk Oil CO2 Collection,Extract (weight),,0,191113-COLL,NotSubmitted,,,
1A4060300004719000000207,1A4060300009859000000150,Rosin Blue Dream,Extract (weight),,0,,NotSubmitted,,,
1A4060300004719000000209,1A4060300004719000000195,Rosin Blue Dream,Extract (weight),,0,,NotSubmitted,,,
1A4060300004719000000210,1A4060300004719000000206,Bulk Oil CO2 Winterization,Extract (weight),,0,191113-WIN,NotSubmitted,,,
1A4060300009859000000150,"1A4060300009859000000060, 1A4060300009859000000063",Kief Blue Dream,Kief,Blue Dream,0,191008BD,NotSubmitted,,,
1A4060300004719000000201,1A4060300004719000000200,Bulk Oil CO2 Reclaim,Extract (weight),,0,191112-RCLM,NotSubmitted,,,
1A4060300004719000000202,1A4060300004719000000193,Bulk Oil CO2 1st Pass,Extract (weight),,0,190802-FCLR,NotSubmitted,,,
1A4060300004719000000203,"1A4060300004719000000157, 1A4060300004719000000202",Bulk Oil CO2 1st Pass,Extract (weight),,0,191015-BLK-FCLR,NotSubmitted,,,
1A4060300004719000000199,"1A4060300004719000000002, 1A4060300004719000000003, 1A4060300004719000000004, 1A4060300004719000000005, 1A4060300004719000000006, 1A4060300004719000000007",Bulk Oil CO2 Raw,Extract (weight),,0,191108-RAW,NotSubmitted,,,
1A4060300004719000000195,1A4060300009859000000058,Bubble Hash Blue Dream,Extract (weight),,0,,NotSubmitted,,,
1A4060300004719000000197,1A4060300004719000000158,Bulk Oil CO2 Amber,Extract (weight),,0,191010-AMB,NotSubmitted,,,
1A4060300004719000000198,"1A4060300004719000000192, 1A4060300004719000000193, 1A4060300004719000000197",Bulk Oil CO2 Reclaim,Extract (weight),,0,190829-RCLM,NotSubmitted,,,
1A4060300004719000000192,"1A4060300004719000000060, 1A4060300004719000000158, 1A4060300004719000000191",Bulk Oil CO2 Reclaim,Extract (weight),,0,190829-RCLM,NotSubmitted,,,
1A4060300004719000000193,1A4060300004719000000060,Bulk Oil CO2 Amber,Extract (weight),,0,190802-AMB,NotSubmitted,,,
1A4060300004719000000190,"1A4060300004719000000182, 1A4060300004719000000185",Bulk Oil CO2 Reclaim,Extract (weight),,0,190829-RCLM,NotSubmitted,,,
1A4060300004719000000191,"1A4060300004719000000107, 1A4060300004719000000190",Bulk Oil CO2 Reclaim,Extract (weight),,0,190829-RCLM,NotSubmitted,,,
1A4060300004719000000185,1A4060300004719000000177,Bulk Oil CO2 2nd Pass,Extract (weight),,0,190412-SCLR,NotSubmitted,,,
1A4060300009859000000058,1A4060300009859000000024,Machine Trim Blue Dream,Leaf,Blue Dream,0,191008BD,NotSubmitted,,,
1A4060300004719000000180,"1A4060300004719000000141, 1A4060300004719000000179",Bulk Oil CO2 1st Pass,Extract (weight),,0,190924-FCLR,NotSubmitted,,,
1A4060300004719000000181,1A4060300004719000000172,R&D Bulk Capsule Oil,Extract (weight),,0,,NotSubmitted,,,
1A4060300004719000000182,"1A4060300004719000000178, 1A4060300004719000000179",Bulk Oil CO2 Reclaim,Extract (weight),,0,190829-RCLM,NotSubmitted,,,
1A4060300004719000000183,1A4060300004719000000075,MG Cartridge 1/2g Forbidden Fruit,Extract (weight - each),,0,,TestFailed,,,
1A4060300004719000000177,1A4060300004719000000160,Bulk Oil CO2 1st Pass,Extract (weight),,0,190412-FCLR,NotSubmitted,,,
1A4060300004719000000178,"1A4060300004719000000175, 1A4060300004719000000177",Bulk Oil CO2 Reclaim,Extract (weight),,0,190829-RCLM,NotSubmitted,,,
1A4060300004719000000179,1A4060300004719000000164,Bulk Oil CO2 1st Pass,Extract (weight),,0,1909272-FCLR,NotSubmitted,,,
1A4060300004719000000175,"1A4060300004719000000159, 1A4060300004719000000160, 1A4060300004719000000161",Bulk Oil CO2 Reclaim,Extract (weight),,0,190829-RCLM,NotSubmitted,,,
1A4060300004719000000176,1A4060300004719000000107,MG Cartridge 1/2g ACDC,Extract (weight - each),,0,,TestFailed,,,
1A4060300004719000000172,1A4060300004719000000111,Bulk Capsule Oil 100mg THC,Extract (weight),,0,191024100-CAP,NotSubmitted,,,
1A4060300004719000000174,"1A4060300004719000000159, 1A4060300004719000000161, 1A4060300004719000000164",Bulk Oil CO2 Reclaim,Extract (weight),,14005,190829-RCLM,NotSubmitted,,,
1A4060300004719000000164,1A4060300004719000000147,Bulk Oil CO2 Amber DV,Extract (weight),,0,190927-AMBDV,NotSubmitted,,,
1A4060300004719000000170,1A4060300004719000000111,Bulk Capsule Oil 50mg THC,Extract (weight),,0,19102250-CAP,NotSubmitted,,,
1A4060300004719000000162,1A4060300004719000000111,Bulk Capsule Oil 25mg THC,Extract (weight),,0,191021-CAP,NotSubmitted,,,
1A4060300004719000000160,1A4060300004719000000022,Bulk Oil CO2 Amber DV,Extract (weight),,0,190412-FCLR,NotSubmitted,,,
1A4060300004719000000161,1A4060300004719000000044,Bulk Cart Oil Watermelon OG,Extract (weight),,0,191018-WTRM,NotSubmitted,,,
1A4060300004719000000158,1A4060300004719000000151,Bulk Oil CO2 Raw,Extract (weight),,0,191010-RAW,NotSubmitted,,,
1A4060300004719000000159,"1A4060300004719000000147, 1A4060300004719000000156, 1A4060300004719000000157, 1A4060300004719000000158",Bulk Oil CO2 Reclaim,Extract (weight),,0,190829-RCLM,NotSubmitted,,,
1A4060300004719000000157,1A4060300004719000000149,Bulk Oil CO2 1st Pass,Extract (weight),,0,191015-BLK-FCLR,NotSubmitted,,,
1A4060300004719000000156,"1A4060300004719000000022, 1A4060300004719000000152, 1A4060300004719000000153",Bulk Oil CO2 Reclaim,Extract (weight),,0,190829-RCLM,NotSubmitted,,,
1A406030000584D000000744,1A406030000584D000000071,Bulk Trim StrainbowTL,Leaf,Strainbow,0,,NotSubmitted,,,
1A4060300004719000000154,1A4060300004719000000044,Bulk Cart Oil GSC,Extract (weight),,0,191011-GSC,NotSubmitted,,,
1A4060300004719000000149,1A4060300004719000000100,Bulk Oil CO2 Amber DV,Extract (weight),,0,190906-AMBDV,NotSubmitted,,,
1A4060300004719000000150,1A406030000584D000000555,Bulk Oil CO2 Collection,Extract (weight),,0,191010-COLL,NotSubmitted,,,
1A4060300004719000000151,1A4060300004719000000150,Bulk Oil CO2 Winterization,Extract (weight),,0,191010-WIN,NotSubmitted,,,
1A4060300004719000000152,1A4060300004719000000140,Bulk Oil CO2 1st Pass,Extract (weight),,0,190927-FCLR,NotSubmitted,,,
1A4060300004719000000153,"1A4060300004719000000148, 1A4060300004719000000149",Bulk Oil CO2 Reclaim,Extract (weight),,0,190829-RCLM,NotSubmitted,,,
1A4060300004719000000147,1A4060300004719000000139,Bulk Oil CO2 Raw,Extract (weight),,0,190927-RAW,NotSubmitted,,,
1A4060300004719000000148,"1A4060300004719000000025, 1A4060300004719000000043, 1A4060300004719000000144",Bulk Oil CO2 Reclaim,Extract (weight),,0,190829-RCLM,NotSubmitted,,,
1A4060300004719000000145,"1A4060300004719000000025, 1A4060300004719000000043",Bulk Oil CO2 2nd Pass,Extract (weight),,0,191007-BLK-SCLR,NotSubmitted,,,
1A4060300004719000000140,1A4060300004719000000137,Bulk Oil CO2 Amber,Extract (weight),,0,190927-AMB,NotSubmitted,,,
1A4060300004719000000141,1A4060300004719000000135,Bulk Oil CO2 1st Pass,Extract (weight),,0,190924-FCLR,NotSubmitted,,,
1A4060300004719000000144,"1A4060300004719000000100, 1A4060300004719000000136, 1A4060300004719000000140, 1A4060300004719000000141",Bulk Oil CO2 Reclaim,Extract (weight),,0,190829-RCLM,NotSubmitted,,,
1A406030000584D000000555,1A406030000584D000000071,Bulk Trim StrainbowTL,Leaf,Strainbow,0,,NotSubmitted,,,
1A406030000584D000000596,"1A406030000584D000000099, 1A406030000584D000000213",Bulk Flower C Sour Bubble,Flower,Sour Bubble,0,,NotSubmitted,,,
1A4060300004719000000139,1A4060300004719000000138,Bulk Oil CO2 Winterization,Extract (weight),,0,190927-WIN,NotSubmitted,,,
1A4060300004719000000135,1A4060300004719000000125,Bulk Oil CO2 Amber DV,Extract (weight),,0,190924-AMBDV,NotSubmitted,,,
1A4060300004719000000136,"1A4060300004719000000133, 1A4060300004719000000134, 1A4060300004719000000135",Bulk Oil CO2 Reclaim,Extract (weight),,0,190829-RCLM,NotSubmitted,,,
1A4060300004719000000137,"1A4060300004719000000100, 1A4060300004719000000134",Bulk Oil CO2 Raw,Extract (weight),,0,190927-AMB,NotSubmitted,,,
1A4060300004719000000138,1A406030000584D000000303,Bulk Oil CO2 Collection,Extract (weight),,0,190927-COLL,NotSubmitted,,,
1A4060300004719000000133,"1A4060300004719000000121, 1A4060300004719000000124",Bulk Oil CO2 Reclaim,Extract (weight),,0,190829-RCLM,NotSubmitted,,,
1A4060300004719000000134,1A4060300004719000000130,Bulk Oil CO2 Raw,Extract (weight),,0,190801-RAW,NotSubmitted,,,
1A4060300004719000000130,1A4060300004719000000080,Bulk Oil CO2 Amber,Extract (weight),,0,190801-AMB,NotSubmitted,,,
1A4060300004719000000124,"1A4060300004719000000023, 1A4060300004719000000066, 1A4060300004719000000123",Bulk Oil CO2 Reclaim,Extract (weight),,0,190829-RCLM,NotSubmitted,,,
1A4060300004719000000125,"1A4060300004719000000023, 1A4060300004719000000066",Bulk Oil CO2 Amber DV,Extract (weight),,0,190924-AMBDV,NotSubmitted,,,
1A4060300004719000000121,1A4060300004719000000052,Bulk Cart Oil Apple Jack,Extract (weight),,0,190731-SCLR-APP,NotSubmitted,,,
1A4060300004719000000123,"1A4060300004719000000080, 1A4060300004719000000105, 1A4060300004719000000115",Bulk Oil CO2 Reclaim,Extract (weight),,0,190829-RCLM,NotSubmitted,,,
1A4060300004719000000115,"1A4060300004719000000112, 1A4060300004719000000113, 1A4060300004719000000114",Bulk Oil CO2 Reclaim,Extract (weight),,0,190829-RCLM,NotSubmitted,,,
1A4060300004719000000116,1A4060300004719000000098,R&D Bulk Capsule Oil 10mg CBD 1:1,Extract (weight),,2.1,,NotSubmitted,,,
1A4060300004719000000117,1A4060300004719000000082,R&D Bulk Oil EHO 2nd Pass,Extract (weight),,2,,NotSubmitted,,,
1A4060300004719000000118,1A4060300004719000000108,R&D Bulk Oil EHO Amber CBD,Extract (weight),,3,,NotSubmitted,,,
1A4060300004719000000119,1A4060300004719000000111,R&D Bulk Oil EHO Amber DV,Extract (weight),,2,,NotSubmitted,,,
1A4060300004719000000108,"1A4060300004719000000056, 1A4060300004719000000082",Bulk Oil EHO Amber CBD,Extract (weight),,0,190716-CBD,NotSubmitted,,,
1A4060300004719000000112,"1A4060300004719000000040, 1A4060300004719000000082, 1A4060300004719000000106",Bulk Oil CO2 Reclaim,Extract (weight),,0,190829-RCLM,NotSubmitted,,,
1A4060300004719000000104,1A4060300004719000000071,Bulk Oil CO2 Amber DV,Extract (weight),,0,190816-AMBDV,NotSubmitted,,,
1A4060300004719000000105,1A4060300004719000000073,Bulk Cart Oil Blue Dream,Extract (weight),,0,190828-BLDRM,NotSubmitted,,,
1A4060300004719000000106,"1A4060300004719000000073, 1A4060300004719000000103",Bulk Oil CO2 Reclaim,Extract (weight),,0,190830-RCLM,NotSubmitted,,,
1A4060300004719000000102,"1A4060300004719000000095, 1A4060300004719000000101",Bulk Oil CO2 Reclaim,Extract (weight),,0,190829-RCLM,NotSubmitted,,,
1A4060300004719000000103,"1A4060300004719000000071, 1A4060300004719000000092, 1A4060300004719000000102",Bulk Oil CO2 Reclaim,Extract (weight),,0,190830-RCLM,NotSubmitted,,,
1A406030000584D000000303,1A406030000584D000000071,Bulk Trim StrainbowTL,Leaf,Strainbow,0,,NotSubmitted,,,
1A4060300004719000000099,1A4060300004719000000096,Bulk Oil EHO 2nd Pass CBD,Extract (weight),,0,060719-ACDC,NotSubmitted,,,
1A4060300004719000000100,1A4060300004719000000093,Bulk Oil CO2 Raw,Extract (weight),,0,190906-RAW,NotSubmitted,,,
1A4060300004719000000096,"1A4060300004719000000084, 1A4060300004719000000094",Bulk Oil CO2 1st Pass CBD,Extract (weight),,0,060719-FCLR,NotSubmitted,,,
1A4060300004719000000097,"1A4060300004719000000079, 1A4060300004719000000084, 1A4060300004719000000094",Bulk Oil CO2 Reclaim,Extract (weight),,0,190830-RCLM,NotSubmitted,,,
1A4060300004719000000095,"1A4060300004719000000032, 1A4060300004719000000088",Bulk Oil CO2 Reclaim,Extract (weight),,0,190829-RCLM,NotSubmitted,,,
1A4060300004719000000092,1A4060300004719000000031,Bulk Oil CO2 Amber DV,Extract (weight),,0,190325-AMBDV,NotSubmitted,,,
1A4060300004719000000093,1A4060300004719000000091,Bulk Oil CO2 Winterization,Extract (weight),,0,190906-WIN,NotSubmitted,,,
1A4060300004719000000094,1A4060300004719000000078,Bulk Oil CO2 1st Pass,Extract (weight),,0,0607192-FCLR,NotSubmitted,,,
1A4060300004719000000090,1A4060300004719000000018,Bulk Oil CO2 Collection,Extract (weight),,0,190906-COLL,NotSubmitted,,,
1A4060300004719000000091,1A4060300004719000000090,Bulk Oil CO2 Collection,Extract (weight),,0,190906-COLL,NotSubmitted,,,
1A4060300004719000000087,1A4060300004719000000052,Bulk Oil Water Solubility R&D,Extract (weight),,0,,NotSubmitted,,,
1A4060300004719000000088,"1A4060300004719000000031, 1A4060300004719000000083",Bulk Oil CO2 Reclaim,Extract (weight),,0,190829-RCLM,NotSubmitted,,,
1A4060300004719000000089,1A4060300004719000000052,Bulk Oil CO2 2nd Pass,Extract (weight),,0,190731-SCLR-T,NotSubmitted,,,
1A4060300004719000000110,1A4060300004719000000109,R&D Bulk Capsule Oil 25mg CBD 1:1,Extract (weight),,2,,NotSubmitted,,,
1A4060300004719000000084,1A4060300004719000000078,Bulk Oil CO2 1st Pass CBD,Extract (weight),,0,0607191-FCLR,NotSubmitted,,,
1A4060300004719000000085,1A4060300004719000000057,Bulk Capsule Oil 10mg CBD 1:1,Extract (weight),,3999.9,19090410-CAP,NotSubmitted,,,
1A4060300004719000000086,,Bulk Capsule Oil 25mg CBD 1:1,Extract (weight),,0,19090425-CAP,NotSubmitted,,,
1A406030000584D000000115,,Bulk Flower C Bubble Gum -Beginning Inventory,Flower,Bubble Gum,0,53589-BBG,NotSubmitted,,,
1A406030000584D000000116,,Bulk Flower C Caramel Apple -Beginning Inventory,Flower,Caramel Apple,0,AGS3-0013-3-4,NotSubmitted,,,
1A406030000584D000000122,,Bulk Flower C Dr. Who -Beginning Inventory,Flower,Dr. Who,0,53573-DW,NotSubmitted,,,
1A406030000584D000000124,,Bulk Flower C Gelato -Beginning Inventory,Flower,Gelato,0,AGS3-0006-3-4,NotSubmitted,,,
1A406030000584D000000128,,Bulk Flower C Jungle Spice -Beginning Inventory,Flower,Jungle Spice,0,53590-JS,NotSubmitted,,,
1A406030000584D000000182,,SP Cartridge 1/2g Trainwreck -Beginning Inventory,Extract (weight - each),,0,190807TSCLR,NotSubmitted,,,
1A4060300004719000000083,"1A4060300004719000000041, 1A4060300004719000000042, 1A4060300004719000000081",Bulk Oil CO2 Reclaim,Extract (weight),,0,190829-RCLM,NotSubmitted,,,
1A4060300004719000000078,1A4060300004719000000036,Bulk Oil EHO Amber DV,Extract (weight),,0,060719-AMBDV,NotSubmitted,,,
1A4060300004719000000079,1A4060300004719000000078,Bulk Oil CO2 Reclaim,Extract (weight),,0,190830-RCLM,NotSubmitted,,,
1A4060300004719000000080,1A4060300004719000000074,Bulk Oil CO2 Raw,Extract (weight),,0,190801-RAW,NotSubmitted,,,
1A4060300004719000000081,"1A4060300004719000000076, 1A4060300004719000000077, 1A4060300004719000000080",Bulk Oil CO2 Reclaim,Extract (weight),,0,190829-RCLM,NotSubmitted,,,
1A4060300004719000000076,1A4060300004719000000073,Bulk Oil CO2 Reclaim,Extract (weight),,0,190829-RCLM,NotSubmitted,,,
1A4060300004719000000073,1A4060300004719000000067,Bulk Cart Oil Blue Dream,Extract (weight),,0,190828-BLDRM,NotSubmitted,,,
1A4060300004719000000074,"1A4060300004719000000059, 1A4060300004719000000062, 1A4060300004719000000072",Bulk Oil CO2 Reclaim,Extract (weight),,0,190801-RCLM,NotSubmitted,,,
1A4060300004719000000075,"1A4060300004719000000059, 1A4060300004719000000062",Bulk Cart Oil Forbidden Fruit,Extract (weight),,0,190828-FRBDN,NotSubmitted,,,
1A4060300004719000000071,1A4060300004719000000046,Bulk Oil CO2 Raw,Extract (weight),,0,190816-RAW,NotSubmitted,,,
1A4060300004719000000072,"1A4060300004719000000064, 1A4060300004719000000070, 1A4060300004719000000071",Bulk Oil CO2 Reclaim,Extract (weight),,0,190801-RCLM,NotSubmitted,,,
1A4060300004719000000056,,Bulk Oil EHO Amber CBD -Beginning Inventory,Extract (weight),,0,190716-CBD,NotSubmitted,,,
1A4060300004719000000057,,Bulk Oil EHO Amber CBD -Beginning Inventory,Extract (weight),,0,190624-CBD,NotSubmitted,,,
1A4060300004719000000059,,Bulk Oil CO2 2nd Pass -Beginning Inventory,Extract (weight),,0,190425-FCLR,NotSubmitted,,,
1A4060300004719000000060,,Bulk Oil CO2 Raw -Beginning Inventory,Extract (weight),,0,190802-A-RAW,NotSubmitted,,,
1A4060300004719000000061,,Bulk Oil CO2 Raw -Beginning Inventory,Extract (weight),,0,190718-RAW-RCLM,NotSubmitted,,,
1A4060300004719000000062,,Bulk Oil CO2 1st Pass -Beginning Inventory,Extract (weight),,0,1907121-A-FCLR,NotSubmitted,,,
1A4060300004719000000063,,Bulk Oil CO2 Raw -Beginning Inventory,Extract (weight),,0,190712-RAW-B,NotSubmitted,,,
1A4060300004719000000064,,Bulk Oil CO2 Amber DV -Beginning Inventory,Extract (weight),,0,190610-A-AMB,NotSubmitted,,,
1A4060300004719000000065,,Bulk Oil CO2 Raw -Beginning Inventory,Extract (weight),,0,190517-A-RAW,NotSubmitted,,,
1A4060300004719000000066,,Bulk Oil CO2 Amber -Beginning Inventory,Extract (weight),,0,190610-B-AMB,NotSubmitted,,,
1A4060300004719000000067,,Bulk Oil CO2 1st Pass -Beginning Inventory,Extract (weight),,0,190802-FCLR,NotSubmitted,,,
1A4060300004719000000069,,Bulk Serum -Beginning Inventory,Topical (volume),,0,,NotSubmitted,,,
1A4060300004719000000070,"1A4060300004719000000036, 1A4060300004719000000047",Bulk Oil CO2 Reclaim,Extract (weight),,0,190801-RCLM,NotSubmitted,,,
1A4060300004719000000001,,Bulk Oil CO2 Raw -Beginning Inventory,Extract (weight),,0,A10065,NotSubmitted,,,
1A4060300004719000000002,,MG Cartridge 1/2g Banana Kush -Beginning Inventory,Extract (weight - each),,0,A-BNK-181207,NotSubmitted,,,
1A4060300004719000000003,,MG Cartridge 1/2g Chem 91 -Beginning Inventory,Extract (weight - each),,0,A10161,NotSubmitted,,,
1A4060300004719000000004,,MG Cartridge 1/2g Strawnana -Beginning Inventory,Extract (weight - each),,0,190318-AMB,NotSubmitted,,,
1A4060300004719000000005,,SP Cartridge 1/2g GSC -Beginning Inventory,Extract (weight - each),,0,1904101-CLR,NotSubmitted,,,
1A4060300004719000000006,,SP Cartridge 1/2g GSC -Beginning Inventory,Extract (weight - each),,0,190212-CLR-T,NotSubmitted,,,
1A4060300004719000000007,,SP Cartridge 1/2g Jack Herer -Beginning Inventory,Extract (weight - each),,0,1904102-CLR,NotSubmitted,,,
1A4060300004719000000008,,MG Cartridge 1/2g OG Kush -Beginning Inventory,Extract (weight - each),,0,190506-AMB-T,NotSubmitted,,,
1A4060300004719000000009,,FD Vape Pen 0.3g Night Owl -Beginning Inventory,Extract (weight - each),,0,190610-AMB-T,NotSubmitted,,,
1A4060300004719000000012,,MG Tincture 15mL Mint THC -Beginning Inventory,Tincture (volume - each),,0,M190820TM,TestFailed,,,
1A4060300004719000000013,,MG Tincture 15mL THC -Beginning Inventory,Tincture (volume - each),,0,M190815T,TestFailed,,,
1A4060300004719000000016,,SP Tincture 15mL Mint CBD 1:1 -Beginning Inventory,Tincture (volume - each),,0,S190816TMOO,TestFailed,,,
1A4060300004719000000018,,Bulk Trim StrainbowTL -Beginning Inventory,Leaf,Strainbow,0,A13353,NotSubmitted,,,
1A4060300004719000000019,,Bulk Oil CO2 Raw -Beginning Inventory,Extract (weight),,0,190313-A-RAW,NotSubmitted,,,
1A4060300004719000000020,,Bulk Oil CO2 Raw -Beginning Inventory,Extract (weight),,0,190322-LIPIDWASTE-C,NotSubmitted,,,
1A4060300004719000000021,,Bulk Oil CO2 Raw -Beginning Inventory,Extract (weight),,0,190308-C-RAW,NotSubmitted,,,
1A4060300004719000000022,,Bulk Oil CO2 Raw -Beginning Inventory,Extract (weight),,0,190412-RAW,NotSubmitted,,,
1A4060300004719000000023,,Bulk Oil CO2 Raw -Beginning Inventory,Extract (weight),,0,190425-B-RAW,NotSubmitted,,,
1A4060300004719000000024,,Bulk Oil CO2 Raw -Beginning Inventory,Extract (weight),,0,190509-A-RCLM,NotSubmitted,,,
1A4060300004719000000025,,Bulk Oil CO2 2nd Pass -Beginning Inventory,Extract (weight),,0,190322-BLK-CLR,NotSubmitted,,,
1A4060300004719000000027,,Bulk Oil CO2 2nd Pass -Beginning Inventory,Extract (weight),,0,190212-BLK-CLR,NotSubmitted,,,
1A4060300004719000000029,,Bulk Oil CO2 Raw -Beginning Inventory,Extract (weight),,400.4,022819-Raw,NotSubmitted,,,
1A4060300004719000000030,,Bulk Oil CO2 Raw -Beginning Inventory,Extract (weight),,0,190517-RCLM,NotSubmitted,,,
1A4060300004719000000031,,Bulk Oil CO2 Amber -Beginning Inventory,Extract (weight),,0,190325-AMB,NotSubmitted,,,
1A4060300004719000000032,,Bulk Oil CO2 Amber -Beginning Inventory,Extract (weight),,0,1903252-A-AMB,NotSubmitted,,,
1A4060300004719000000033,,Bulk Oil CO2 Raw -Beginning Inventory,Extract (weight),,1141.6,190506-B-RAW,NotSubmitted,,,
1A4060300004719000000036,,Bulk Oil EHO Amber CBD -Beginning Inventory,Extract (weight),,0,060719-PRF-A,NotSubmitted,,,
1A4060300004719000000037,,Bulk Oil EHO Amber CBD -Beginning Inventory,Extract (weight),,255.6,060719-PRF-B,NotSubmitted,,,
1A4060300004719000000039,,Bulk Oil EHO Amber -Beginning Inventory,Extract (weight),,0,022819-A-AMB,NotSubmitted,,,
1A4060300004719000000040,,Bulk Oil EHO Amber -Beginning Inventory,Extract (weight),,0,022819-DCRB,NotSubmitted,,,
1A4060300004719000000043,,Bulk Oil CO2 2nd Pass -Beginning Inventory,Extract (weight),,0,190718-SCLR-RCLM,NotSubmitted,,,
1A4060300004719000000045,,Bulk Oil CO2 2nd Pass -Beginning Inventory,Extract (weight),,0,190822R70,NotSubmitted,,,
1A4060300004719000000046,,Bulk Oil CO2 Collection -Beginning Inventory,Extract (weight),,0,190816-COLL,NotSubmitted,,,
1A4060300004719000000047,,Bulk Oil CO2 Reclaimed -Beginning Inventory,Extract (weight),,0,190801-RCLM,NotSubmitted,,,
1A4060300004719000000049,,Bulk Oil R&D -Beginning Inventory,Extract (weight),,0,190822RD,NotSubmitted,,,